INFO  Using log config file: jar:file:/C:/ghidra_12.1.4_PUBLIC_20260921/ghidra_12.1.4_PUBLIC/Ghidra/Framework/Generic/lib/Generic.jar!/generic.log4j.xml (LoggingInitialization)  
INFO  Using log file: C:\Users\chess\AppData\Roaming\ghidra\ghidra_12.1.4_PUBLIC\application.log (LoggingInitialization)  
INFO  Loading user preferences: C:\Users\chess\AppData\Roaming\ghidra\ghidra_12.1.4_PUBLIC\preferences (Preferences)  
INFO  Searching for classes... (ClassSearcher)  
INFO  Class search complete (1284 ms) (ClassSearcher)  
INFO  Initializing SSL Context (DefaultSSLContextInitializer)  
INFO  Initializing Random Number Generator... (SecureRandomFactory)  
INFO  Random Number Generator initialization complete: SHA1PRNG (SecureRandomFactory)  
INFO  Trust manager disabled, cacerts have not been set (DefaultTrustManagerFactory)  
INFO  Headless startup complete (3845 ms) (AnalyzeHeadless)  
INFO  Class searcher loaded 59 extension points (20 false positives) (ClassSearcher)  
INFO  HEADLESS Script Paths:
    C:\ghidra_12.1.4_PUBLIC_20260921\ghidra_12.1.4_PUBLIC\Ghidra\Features\BSim\ghidra_scripts
    C:\ghidra_12.1.4_PUBLIC_20260921\ghidra_12.1.4_PUBLIC\Ghidra\Debug\Debugger\ghidra_scripts
    C:\ghidra_12.1.4_PUBLIC_20260921\ghidra_12.1.4_PUBLIC\Ghidra\Processors\8051\ghidra_scripts
    C:\ghidra_12.1.4_PUBLIC_20260921\ghidra_12.1.4_PUBLIC\Ghidra\Processors\Atmel\ghidra_scripts
    C:\ghidra_12.1.4_PUBLIC_20260921\ghidra_12.1.4_PUBLIC\Ghidra\Features\DecompilerDependent\ghidra_scripts
    C:\ghidra_12.1.4_PUBLIC_20260921\ghidra_12.1.4_PUBLIC\Ghidra\Features\PyGhidra\ghidra_scripts
    C:\ghidra_12.1.4_PUBLIC_20260921\ghidra_12.1.4_PUBLIC\Ghidra\Processors\DATA\ghidra_scripts
    C:\ghidra_12.1.4_PUBLIC_20260921\ghidra_12.1.4_PUBLIC\Ghidra\Features\Base\ghidra_scripts
    C:\ghidra_12.1.4_PUBLIC_20260921\ghidra_12.1.4_PUBLIC\Ghidra\Features\MicrosoftCodeAnalyzer\ghidra_scripts
    C:\ghidra_12.1.4_PUBLIC_20260921\ghidra_12.1.4_PUBLIC\Ghidra\Features\FunctionID\ghidra_scripts
    C:\ghidra_12.1.4_PUBLIC_20260921\ghidra_12.1.4_PUBLIC\Ghidra\Processors\PIC\ghidra_scripts
    C:\ghidra_12.1.4_PUBLIC_20260921\ghidra_12.1.4_PUBLIC\Ghidra\Features\GnuDemangler\ghidra_scripts
    C:\ghidra_12.1.4_PUBLIC_20260921\ghidra_12.1.4_PUBLIC\Ghidra\Features\SwiftDemangler\ghidra_scripts
    C:\ghidra_12.1.4_PUBLIC_20260921\ghidra_12.1.4_PUBLIC\Ghidra\Features\VersionTracking\ghidra_scripts
    C:\ghidra_12.1.4_PUBLIC_20260921\ghidra_12.1.4_PUBLIC\Ghidra\Debug\Debugger-rmi-trace\ghidra_scripts
    C:\Users\chess\OneDrive\Escritorio\DesarrolloWeb\Bob Final\codearcheologist\dist\modules\ghidra\scripts
    C:\ghidra_12.1.4_PUBLIC_20260921\ghidra_12.1.4_PUBLIC\Ghidra\Features\FileFormats\ghidra_scripts
    C:\ghidra_12.1.4_PUBLIC_20260921\ghidra_12.1.4_PUBLIC\Ghidra\Features\WildcardAssembler\ghidra_scripts
    C:\ghidra_12.1.4_PUBLIC_20260921\ghidra_12.1.4_PUBLIC\Ghidra\Features\BytePatterns\ghidra_scripts
    C:\ghidra_12.1.4_PUBLIC_20260921\ghidra_12.1.4_PUBLIC\Ghidra\Features\Decompiler\ghidra_scripts
    C:\ghidra_12.1.4_PUBLIC_20260921\ghidra_12.1.4_PUBLIC\Ghidra\Features\PDB\ghidra_scripts
    C:\ghidra_12.1.4_PUBLIC_20260921\ghidra_12.1.4_PUBLIC\Ghidra\Processors\JVM\ghidra_scripts
    C:\ghidra_12.1.4_PUBLIC_20260921\ghidra_12.1.4_PUBLIC\Ghidra\Features\SystemEmulation\ghidra_scripts (HeadlessAnalyzer)  
INFO  HEADLESS: execution starts (HeadlessAnalyzer)  
INFO  Creating temporary project: C:\Users\chess\OneDrive\Escritorio\DesarrolloWeb\Bob Final\codearcheologist\work\84f857cf-149d-4b90-8847-40c69babfd1c\ghidra-project\84f857cf-149d-4b90-8847-40c69babfd1c (HeadlessAnalyzer)  
INFO  Creating project: C:\Users\chess\OneDrive\Escritorio\DesarrolloWeb\Bob Final\codearcheologist\work\84f857cf-149d-4b90-8847-40c69babfd1c\ghidra-project\84f857cf-149d-4b90-8847-40c69babfd1c (DefaultProject)  
INFO  REPORT: Processing input files:  (HeadlessAnalyzer)  
INFO       project: C:\Users\chess\OneDrive\Escritorio\DesarrolloWeb\Bob Final\codearcheologist\work\84f857cf-149d-4b90-8847-40c69babfd1c\ghidra-project\84f857cf-149d-4b90-8847-40c69babfd1c (HeadlessAnalyzer)  
INFO  IMPORTING: file:///C:/Users/chess/OneDrive/Escritorio/DesarrolloWeb/Bob Final/codearcheologist/work/84f857cf-149d-4b90-8847-40c69babfd1c/input/binary.exe (HeadlessAnalyzer)  
INFO  Using Loader: Portable Executable (PE) (ProgramLoader)  
INFO  Using Language/Compiler: x86:LE:64:default:windows (ProgramLoader)  
INFO  Using Library Search Path: [., C:\WINDOWS\SysWOW64, C:\Users\chess\AppData\Local\Programs\Eclipse Adoptium\jdk-21.0.12.1+1\bin, C:\WINDOWS\Sun\Java\bin, C:\WINDOWS\system32, C:\WINDOWS, C:\Users\chess\OneDrive\Escritorio\DesarrolloWeb\Bob Final\codearcheologist\node_modules\.bin, C:\Users\chess\OneDrive\Escritorio\DesarrolloWeb\Bob Final\node_modules\.bin, C:\Users\chess\OneDrive\Escritorio\DesarrolloWeb\node_modules\.bin, C:\Users\chess\OneDrive\Escritorio\node_modules\.bin, C:\Users\chess\OneDrive\node_modules\.bin, C:\Users\chess\node_modules\.bin, C:\Users\node_modules\.bin, C:\node_modules\.bin, C:\Users\chess\AppData\Roaming\npm\node_modules\npm\node_modules\@npmcli\run-script\lib\node-gyp-bin, C:\Program Files (x86)\Common Files\Oracle\Java\java8path, C:\Program Files (x86)\Common Files\Oracle\Java\javapath, C:\WINDOWS\System32\Wbem, C:\WINDOWS\System32\WindowsPowerShell\v1.0\, C:\WINDOWS\System32\OpenSSH\, C:\Program Files\Microsoft SQL Server\150\Tools\Binn\, C:\Program Files\Microsoft SQL Server\Client SDK\ODBC\170\Tools\Binn\, C:\Program Files\dotnet\, C:\MinGW\bin, C:\Program Files\php-8.4.6-Win32-vs17-x64, C:\Program Files\Microsoft VS Code\bin, C:\ProgramData\ComposerSetup\bin, C:\Program Files (x86)\Microsoft SQL Server\160\Tools\Binn\, C:\Program Files\Microsoft SQL Server\160\Tools\Binn\, C:\Program Files\Microsoft SQL Server\160\DTS\Binn\, C:\Users\chess\AppData\Local\nvm, C:\nvm4w\nodejs, C:\Program Files\GitHub CLI\, C:\Program Files\Microsoft SQL Server\170\Tools\Binn\, C:\ghidra_12.1.4_PUBLIC_20260921\ghidra_12.1.4_PUBLIC, C:\ghidra_12.1.4_PUBLIC_20260921\ghidra_12.1.4_PUBLIC\support, C:\Users\chess\.local\bin, C:\Users\chess\AppData\Local\Programs\Python\Python311\Scripts, C:\Users\chess\AppData\Local\Programs\Python\Python311, C:\Users\chess\AppData\Local\Programs\Python\Launcher, C:\Users\chess\AppData\Local\Microsoft\WindowsApps, C:\Users\chess\.dotnet\tools, C:\Users\chess\AppData\Local\Programs\Microsoft VS Code\bin, C:\Program Files\JetBrains\IntelliJ IDEA 2024.2.3\bin, C:\Program Files\JetBrains\PhpStorm 2024.2.3\bin, C:\Users\chess\AppData\Roaming\Composer\vendor\bin, C:\rtools45, C:\Program Files\JetBrains\DataGrip 2025.1\bin, C:\Users\chess\AppData\Roaming\npm, C:\Users\chess\AppData\Local\Muse Hub\lib, C:\Users\chess\AppData\Local\Programs\Antigravity IDE\bin, C:\Users\chess\AppData\Local\Programs\IBM Bob\bin, C:\trivy_0.74.0_windows-64bit] (ProgramLoader)  
INFO  TLS callbacks at 140188d20 (TLSDirectory)  
ERROR Error creating label named libcrypto-3-x64_NULL_THUNK_DATA at address 1401ae758: Symbol name contains invalid characters: libcrypto-3-x64_NULL_THUNK_DATA (PeLoader)  
ERROR Error creating label named libpq_NULL_THUNK_DATA at address 1401ae7f0: Symbol name contains invalid characters: libpq_NULL_THUNK_DATA (PeLoader)  
INFO  TLS callbacks at 180080708 (TLSDirectory)  
WARN  Invalid or missing function at 1800603a4 (ExportDataDirectory)  
INFO  Additional info:
Loading file:///C:/Users/chess/OneDrive/Escritorio/DesarrolloWeb/Bob Final/codearcheologist/work/84f857cf-149d-4b90-8847-40c69babfd1c/input/binary.exe?MD5=09cd1d6409e74b19560228f598225325...
------------------------------------------------

Searching 39 paths for library KERNEL32.DLL...
Skipping library which is the wrong architecture: file:///C:/Windows/SysWOW64/kernel32.dll
Loading file:///C:/Windows/System32/kernel32.dll?MD5=046e6b86273b9cc2ed367bdcf9c12b44...
Using existing exports file: C:\Users\chess\AppData\Roaming\ghidra\ghidra_12.1.4_PUBLIC\symbols\win64\kernel32.exports
Library not saved to project.
------------------------------------------------

Searching 39 paths for library LIBCRYPTO-3-X64.DLL...
Loading file:///C:/Program Files/php-8.4.6-Win32-vs17-x64/libcrypto-3-x64.dll?MD5=aa28d609a47f2bc5cc2502119dbca8b9...
Created exports file: C:\Users\chess\AppData\Roaming\ghidra\ghidra_12.1.4_PUBLIC\symbols\win64\libcrypto-3-x64.exports
Library not saved to project.
------------------------------------------------

Searching 39 paths for library LIBPQ.DLL...
Loading file:///C:/Program Files/php-8.4.6-Win32-vs17-x64/libpq.dll?MD5=76ee1aff699bbea5ca250b9746687b14...
Created exports file: C:\Users\chess\AppData\Roaming\ghidra\ghidra_12.1.4_PUBLIC\symbols\win64\libpq.exports
Library not saved to project.
------------------------------------------------

Searching 39 paths for library MSVCRT.DLL...
Skipping library which is the wrong architecture: file:///C:/Windows/SysWOW64/msvcrt.dll
Loading file:///C:/Windows/System32/msvcrt.dll?MD5=a6909fd7bca299386d35aeafae36a207...
Using existing exports file: C:\Users\chess\AppData\Roaming\ghidra\ghidra_12.1.4_PUBLIC\symbols\win64\msvcrt.exports
Library not saved to project.
------------------------------------------------

Searching 39 paths for library WS2_32.DLL...
Skipping library which is the wrong architecture: file:///C:/Windows/SysWOW64/ws2_32.dll
Loading file:///C:/Windows/System32/ws2_32.dll?MD5=173a92465198d75800463651cfea0ec8...
[ws2_32.dll]: failed to create WEVTResource at 18006b4b8: Failed to resolve data length for WEVTResource
Using existing exports file: C:\Users\chess\AppData\Roaming\ghidra\ghidra_12.1.4_PUBLIC\symbols\win64\ws2_32.exports
Library not saved to project.
------------------------------------------------

Applying cached symbols from LIBCRYPTO-3-X64.DLL
Applying cached symbols from LIBPQ.DLL
Applying C:\Users\chess\AppData\Roaming\ghidra\ghidra_12.1.4_PUBLIC\symbols\win64\kernel32.exports
Applying C:\Users\chess\AppData\Roaming\ghidra\ghidra_12.1.4_PUBLIC\symbols\win64\msvcrt.exports
Applying C:\Users\chess\AppData\Roaming\ghidra\ghidra_12.1.4_PUBLIC\symbols\win64\ws2_32.exports
Linking the External Programs of 'binary.exe' to imported libraries...
  [LIBCRYPTO-3-X64.DLL] -> not found in project
  [LIBPQ.DLL] -> not found in project
  [KERNEL32.DLL] -> not found in project
  [MSVCRT.DLL] -> not found in project
  [WS2_32.DLL] -> not found in project
------------------------------------------------

 (ProgramLoader)  
INFO  IMPORTING: Loaded 0 additional files (HeadlessAnalyzer)  
INFO  ANALYZING all memory and code: file:///C:/Users/chess/OneDrive/Escritorio/DesarrolloWeb/Bob Final/codearcheologist/work/84f857cf-149d-4b90-8847-40c69babfd1c/input/binary.exe (HeadlessAnalyzer)  
WARN  Ignoring leading '_' chars on no-return name '___raise_securityfailure' specified in file: C:\ghidra_12.1.4_PUBLIC_20260921\ghidra_12.1.4_PUBLIC\Ghidra\Features\Base\data\PEFunctionsThatDoNotReturn (NoReturnFunctionAnalyzer)  
WARN  Ignoring leading '_' chars on no-return name '___report_rangecheckfailure' specified in file: C:\ghidra_12.1.4_PUBLIC_20260921\ghidra_12.1.4_PUBLIC\Ghidra\Features\Base\data\PEFunctionsThatDoNotReturn (NoReturnFunctionAnalyzer)  
INFO  Added 372 source map entries (DWARFImporter)  
INFO  DWARF ver[5], 3 compUnits, 642 DIES, import - total elapsed: 238ms (DWARFImportSummary)  
INFO  DWARF data type import - elapsed: 89ms (DWARFImportSummary)  
INFO  DWARF func & symbol import - elapsed: 95ms (DWARFImportSummary)  
INFO  DWARF types imported: 122 (DWARFImportSummary)  
INFO  DWARF enums from macros - elapsed: 2ms (DWARFImportSummary)  
INFO  DWARF compile dirs: [/gcc/x86_64-w64-mingw32/libgcc] (DWARFImportSummary)  
INFO  DWARF producers: [GNU AS 2.47, GNU C23 16.2.0 -mtune=generic -march=x86-64 -g -O2 -O2 -O2 -fbuilding-libgcc -fno-stack-protector, GNU C23 16.2.0 -mtune=generic -march=x86-64 -g -O2 -O2 -O2 -fbuilding-libgcc -fno-stack-protector -fexceptions] (DWARFImportSummary)  
INFO  DWARF source languages: [DW_LANG_C11, DW_LANG_Mips_Assembler] (DWARFImportSummary)  
INFO  DWARF compUnit: /dl/gcc/libgcc/config/i386/cygwin.S (DWARFImportSummary)  
INFO  DWARF compUnit: /dl/gcc/libgcc/libgcc2.c (DWARFImportSummary)  
INFO  DWARF compUnit: /dl/gcc/libgcc/unwind-seh.c (DWARFImportSummary)  
ERROR DWARF un-recoverable expressions: (DWARFImportSummary)  
ERROR   DW_OP_reg9 -> 1 (DWARFImportSummary)  
ERROR   DW_OP_reg1 -> 7 (DWARFImportSummary)  
ERROR   DW_OP_reg2 -> 19 (DWARFImportSummary)  
ERROR   DW_OP_reg8 -> 3 (DWARFImportSummary)  
INFO  Skipping PDB processing: missing PDB information in program metadata (PdbUniversalAnalyzer)  
INFO  hit non-returning function, restarting decompiler switch analyzer later (DecompilerSwitchAnalyzer)  
WARN  Decompiling 140032f50: Unable to read bytes at ram:1a98aa296 (DecompileCallback)  
WARN  Decompiling 140032f50, pcode error at 140033424: Unable to resolve constructor at 140033424 (DecompileCallback)  
WARN  Decompiling 140041120: Unable to read bytes at ram:1a98aaba2 (DecompileCallback)  
WARN  Decompiling 140041120, pcode error at 14004186c: Unable to resolve constructor at 14004186c (DecompileCallback)  
WARN  Decompiling 14004e1e0: Unable to read bytes at ram:1b47aba66 (DecompileCallback)  
WARN  Decompiling 1400731c0: Unable to read bytes at ram:1a98fc1b5 (DecompileCallback)  
WARN  Decompiling 1400731c0: Unable to read bytes at ram:1a98fc1d1 (DecompileCallback)  
WARN  Decompiling 1400731c0, pcode error at 1400741da: Unable to resolve constructor at 1400741da (DecompileCallback)  
WARN  Decompiling 1400731c0, pcode error at 1400741eb: Unable to resolve constructor at 1400741eb (DecompileCallback)  
WARN  Decompiling 1400731c0, pcode error at 14007407e: Unable to resolve constructor at 14007407e (DecompileCallback)  
WARN  Decompiling 1400c3c00: Unable to read bytes at ram:1a98ae3a2 (DecompileCallback)  
WARN  Decompiling 14002dfe0: Unable to read bytes at ram:1b38a9ee0 (DecompileCallback)  
WARN  Decompiling 14002dfe0, pcode error at 140173daf: Unable to resolve constructor at 140173daf (DecompileCallback)  
WARN  Decompiling 14002dfe0, pcode error at 140173e24: Unable to resolve constructor at 140173e24 (DecompileCallback)  
WARN  Decompiling 14002dfe0, pcode error at 140173e35: Unable to resolve constructor at 140173e35 (DecompileCallback)  
WARN  Decompiling 1400731c0, pcode error at 140073f7c: Unable to resolve constructor at 140073f7c (DecompileCallback)  
WARN  Decompiling 1400f3ef0: Unable to read bytes at ram:1ae7ee81b (DecompileCallback)  
WARN  Decompiling 1400f3ef0, pcode error at 1401788c4: Unable to resolve constructor at 1401788c4 (DecompileCallback)  
WARN  Decompiling 14002dfe0, pcode error at 140173ed2: Unable to resolve constructor at 140173ed2 (DecompileCallback)  
WARN  Decompiling 1400f3ef0, pcode error at 1400f3164: Unable to resolve constructor at 1400f3164 (DecompileCallback)  
WARN  Decompiling 14002dfe0, pcode error at 14017403c: Unable to resolve constructor at 14017403c (DecompileCallback)  
WARN  Decompiling 1400731c0, pcode error at 140073f17: Unable to resolve constructor at 140073f17 (DecompileCallback)  
WARN  Decompiling 140041120: Unable to read bytes at ram:640278f5c (DecompileCallback)  
WARN  Decompiling 1400731c0, pcode error at 140073ed7: Unable to resolve constructor at 140073ed7 (DecompileCallback)  
WARN  Decompiling 1400327e0: Unable to read bytes at ram:1b588a642 (DecompileCallback)  
WARN  Decompiling 1400731c0, pcode error at 14007347a: Unable to resolve constructor at 14007347a (DecompileCallback)  
WARN  Decompiling 1400731c0, pcode error at 140073479: Unable to resolve constructor at 140073479 (DecompileCallback)  
WARN  Decompiling 14002dfe0, pcode error at 140173e1b: Unable to resolve constructor at 140173e1b (DecompileCallback)  
WARN  Decompiling 14002dfe0, pcode error at 140173eff: Unable to resolve constructor at 140173eff (DecompileCallback)  
WARN  Decompiling 14002dfe0, pcode error at 140173e41: Unable to resolve constructor at 140173e41 (DecompileCallback)  
WARN  Decompiling 14002dfe0, pcode error at 140173e83: Unable to resolve constructor at 140173e83 (DecompileCallback)  
WARN  Decompiling 14002dfe0, pcode error at 140173e08: Unable to resolve constructor at 140173e08 (DecompileCallback)  
WARN  Decompiling 1400731c0, pcode error at 140073516: Unable to resolve constructor at 140073516 (DecompileCallback)  
WARN  Decompiling 1400731c0, pcode error at 140073894: Unable to resolve constructor at 140073894 (DecompileCallback)  
WARN  Decompiling 1401202d0: Unable to read bytes at ram:1ae85ddab (DecompileCallback)  
WARN  Decompiling 1400731c0, pcode error at 140176079: Unable to resolve constructor at 140176079 (DecompileCallback)  
WARN  Decompiling 1400731c0, pcode error at 1400741c9: Unable to resolve constructor at 1400741c9 (DecompileCallback)  
WARN  Decompiling 1400731c0, pcode error at 140074162: Unable to resolve constructor at 140074162 (DecompileCallback)  
WARN  Decompiling 1400731c0, pcode error at 140073fd2: Unable to resolve constructor at 140073fd2 (DecompileCallback)  
WARN  Decompiling 1400731c0, pcode error at 140073f98: Unable to resolve constructor at 140073f98 (DecompileCallback)  
WARN  Decompiling 1401202d0: Unable to read bytes at ram:1ae85de03 (DecompileCallback)  
WARN  Decompiling 1400327e0: Unable to read bytes at ram:64023e10c (DecompileCallback)  
WARN  Decompiling 1400731c0, pcode error at 140074408: Unable to resolve constructor at 140074408 (DecompileCallback)  
WARN  Decompiling 1401207b0: Unable to read bytes at ram:1ae85e2bb (DecompileCallback)  
WARN  Decompiling 1400751f0: Unable to read bytes at ram:1a978d538 (DecompileCallback)  
WARN  Decompiling 1400751f0: Unable to read bytes at ram:1a978d554 (DecompileCallback)  
WARN  Decompiling 1400f3ef0: Unable to read bytes at ram:1ae7ee82f (DecompileCallback)  
WARN  Decompiling 1400751f0: Unable to read bytes at ram:1a587da71 (DecompileCallback)  
WARN  Decompiling 1400751f0: Unable to read bytes at ram:1a587da8d (DecompileCallback)  
WARN  Decompiling 1400f3ef0, pcode error at 140178942: Unable to resolve constructor at 140178942 (DecompileCallback)  
WARN  Decompiling 1400f3ef0, pcode error at 1401789ca: Unable to resolve constructor at 1401789ca (DecompileCallback)  
WARN  Decompiling 1400e9ec0: Unable to read bytes at ram:1ae7ee6c7 (DecompileCallback)  
WARN  Decompiling 1400e9ec0, pcode error at 14017876f: Unable to resolve constructor at 14017876f (DecompileCallback)  
WARN  Decompiling 1400f3ef0, pcode error at 140178a77: Unable to resolve constructor at 140178a77 (DecompileCallback)  
WARN  Decompiling 1400f3ef0, pcode error at 140178ad8: Unable to resolve constructor at 140178ad8 (DecompileCallback)  
WARN  Decompiling 1400f3ef0, pcode error at 140178b3e: Unable to resolve constructor at 140178b3e (DecompileCallback)  
WARN  Decompiling 1400731c0: Unable to read bytes at ram:1a98fc187 (DecompileCallback)  
WARN  Decompiling 1400731c0: Unable to read bytes at ram:1a98fc225 (DecompileCallback)  
WARN  Decompiling 1400f3ef0, pcode error at 140178c24: Unable to resolve constructor at 140178c24 (DecompileCallback)  
WARN  Decompiling 1400f3ef0, pcode error at 140178c80: Unable to resolve constructor at 140178c80 (DecompileCallback)  
WARN  Decompiling 1400f3ef0, pcode error at 140178c7c: Unable to resolve constructor at 140178c7c (DecompileCallback)  
WARN  Decompiling 1400f3ef0, pcode error at 140178ce8: Unable to resolve constructor at 140178ce8 (DecompileCallback)  
WARN  Decompiling 1400731c0: Unable to read bytes at ram:1a98fc241 (DecompileCallback)  
WARN  Decompiling 1400f3ef0, pcode error at 140178c4d: Unable to resolve constructor at 140178c4d (DecompileCallback)  
WARN  Decompiling 1400f3ef0, pcode error at 140178cbc: Unable to resolve constructor at 140178cbc (DecompileCallback)  
WARN  Decompiling 1400731c0, pcode error at 140074218: Unable to resolve constructor at 140074218 (DecompileCallback)  
WARN  Decompiling 1400731c0, pcode error at 140074265: Unable to resolve constructor at 140074265 (DecompileCallback)  
WARN  Decompiling 1400f3ef0, pcode error at 140178d30: Unable to resolve constructor at 140178d30 (DecompileCallback)  
WARN  Decompiling 1400731c0, pcode error at 140073ff0: Unable to resolve constructor at 140073ff0 (DecompileCallback)  
WARN  Decompiling 1400731c0, pcode error at 140073fed: Unable to resolve constructor at 140073fed (DecompileCallback)  
WARN  Decompiling 1400f3ef0, pcode error at 140178d5c: Unable to resolve constructor at 140178d5c (DecompileCallback)  
WARN  Decompiling 1400f5590: Unable to read bytes at ram:1a98afd12 (DecompileCallback)  
WARN  Decompiling 1400751f0, pcode error at 140077938: Unable to resolve constructor at 140077938 (DecompileCallback)  
WARN  Decompiling 1400f5590, pcode error at 140179bb8: Failed to resolve varnode <Sreg>, index=7 (DecompileCallback)  
WARN  Decompiling 1400751f0, pcode error at 1400778c0: Unable to resolve constructor at 1400778c0 (DecompileCallback)  
WARN  Decompiling 1400751f0, pcode error at 140077e84: Unable to resolve constructor at 140077e84 (DecompileCallback)  
WARN  Decompiling 1400731c0, pcode error at 140074264: Unable to resolve constructor at 140074264 (DecompileCallback)  
WARN  Decompiling 1400f3ef0, pcode error at 140178ca7: Unable to resolve constructor at 140178ca7 (DecompileCallback)  
WARN  Decompiling 1400f3ef0, pcode error at 140178c6a: Unable to resolve constructor at 140178c6a (DecompileCallback)  
WARN  Decompiling 1400f3ef0, pcode error at 140178cd6: Unable to resolve constructor at 140178cd6 (DecompileCallback)  
WARN  Decompiling 1400f3ef0, pcode error at 140178c99: Unable to resolve constructor at 140178c99 (DecompileCallback)  
WARN  Decompiling 1400f3ef0, pcode error at 140178c34: Unable to resolve constructor at 140178c34 (DecompileCallback)  
WARN  Decompiling 1400f3ef0, pcode error at 140178be0: Unable to resolve constructor at 140178be0 (DecompileCallback)  
WARN  Decompiling 1400f3ef0, pcode error at 140178ba4: Unable to resolve constructor at 140178ba4 (DecompileCallback)  
WARN  Decompiling 1400f3ef0, pcode error at 140178b7d: Unable to resolve constructor at 140178b7d (DecompileCallback)  
WARN  Decompiling 1400751f0, pcode error at 140077929: Unable to resolve constructor at 140077929 (DecompileCallback)  
WARN  Decompiling 1400751f0, pcode error at 1400778f4: Unable to resolve constructor at 1400778f4 (DecompileCallback)  
WARN  Decompiling 1400751f0, pcode error at 140077959: Unable to resolve constructor at 140077959 (DecompileCallback)  
WARN  Decompiling 1400f3ef0, pcode error at 1401789a3: Unable to resolve constructor at 1401789a3 (DecompileCallback)  
WARN  Decompiling 1400751f0, pcode error at 1400760b2: Unable to resolve constructor at 1400760b2 (DecompileCallback)  
WARN  Decompiling 1400f3ef0, pcode error at 140178a85: Unable to resolve constructor at 140178a85 (DecompileCallback)  
WARN  Decompiling 1400f3ef0, pcode error at 140178a88: Unable to resolve constructor at 140178a88 (DecompileCallback)  
WARN  Decompiling 1400f3ef0, pcode error at 140178a75: Unable to resolve constructor at 140178a75 (DecompileCallback)  
WARN  Decompiling 1400f3ef0, pcode error at 140178897: Unable to resolve constructor at 140178897 (DecompileCallback)  
WARN  Decompiling 1400f3ef0, pcode error at 140178877: Unable to resolve constructor at 140178877 (DecompileCallback)  
WARN  Decompiling 1400751f0, pcode error at 1400760e2: Unable to resolve constructor at 1400760e2 (DecompileCallback)  
WARN  Decompiling 1400751f0, pcode error at 140075fd0: Unable to resolve constructor at 140075fd0 (DecompileCallback)  
WARN  Decompiling 1400751f0, pcode error at 1400761a5: Unable to resolve constructor at 1400761a5 (DecompileCallback)  
WARN  Decompiling 1400751f0, pcode error at 14007609c: Unable to resolve constructor at 14007609c (DecompileCallback)  
WARN  Decompiling 1400751f0, pcode error at 140075fec: Unable to resolve constructor at 140075fec (DecompileCallback)  
WARN  Decompiling 1400f2d30: Unable to read bytes at ram:1ae7ee82f (DecompileCallback)  
WARN  Decompiling 1400f2d30, pcode error at 140178942: Unable to resolve constructor at 140178942 (DecompileCallback)  
WARN  Decompiling 1400f2d30, pcode error at 1401789ca: Unable to resolve constructor at 1401789ca (DecompileCallback)  
WARN  Decompiling 1400f2d30, pcode error at 140178a77: Unable to resolve constructor at 140178a77 (DecompileCallback)  
WARN  Decompiling 1400f2d30, pcode error at 140178ad8: Unable to resolve constructor at 140178ad8 (DecompileCallback)  
WARN  Decompiling 1400f2d30, pcode error at 140178b3e: Unable to resolve constructor at 140178b3e (DecompileCallback)  
WARN  Decompiling 1400f2d30, pcode error at 140178c24: Unable to resolve constructor at 140178c24 (DecompileCallback)  
WARN  Decompiling 1400f2d30, pcode error at 140178c80: Unable to resolve constructor at 140178c80 (DecompileCallback)  
WARN  Decompiling 1400f2d30, pcode error at 140178c7c: Unable to resolve constructor at 140178c7c (DecompileCallback)  
WARN  Decompiling 1400f2d30, pcode error at 140178ce8: Unable to resolve constructor at 140178ce8 (DecompileCallback)  
WARN  Decompiling 1400f2d30, pcode error at 140178c4d: Unable to resolve constructor at 140178c4d (DecompileCallback)  
WARN  Decompiling 1400f2d30, pcode error at 140178cbc: Unable to resolve constructor at 140178cbc (DecompileCallback)  
WARN  Decompiling 1400f2d30, pcode error at 140178d30: Unable to resolve constructor at 140178d30 (DecompileCallback)  
WARN  Decompiling 1400f2d30, pcode error at 140178d5c: Unable to resolve constructor at 140178d5c (DecompileCallback)  
WARN  Decompiling 1400f2d30, pcode error at 140178ca7: Unable to resolve constructor at 140178ca7 (DecompileCallback)  
WARN  Decompiling 1400f2d30, pcode error at 140178c6a: Unable to resolve constructor at 140178c6a (DecompileCallback)  
WARN  Decompiling 1400f2d30, pcode error at 140178cd6: Unable to resolve constructor at 140178cd6 (DecompileCallback)  
WARN  Decompiling 1400f2d30, pcode error at 140178c99: Unable to resolve constructor at 140178c99 (DecompileCallback)  
WARN  Decompiling 1400f2d30, pcode error at 140178c34: Unable to resolve constructor at 140178c34 (DecompileCallback)  
WARN  Decompiling 1400f2d30, pcode error at 140178be0: Unable to resolve constructor at 140178be0 (DecompileCallback)  
WARN  Decompiling 1400f2d30, pcode error at 140178ba4: Unable to resolve constructor at 140178ba4 (DecompileCallback)  
WARN  Decompiling 1400f2d30, pcode error at 140178b7d: Unable to resolve constructor at 140178b7d (DecompileCallback)  
WARN  Decompiling 1400f2d30, pcode error at 1401789a3: Unable to resolve constructor at 1401789a3 (DecompileCallback)  
WARN  Decompiling 1400f2d30, pcode error at 140178a85: Unable to resolve constructor at 140178a85 (DecompileCallback)  
WARN  Decompiling 1400f2d30, pcode error at 140178a88: Unable to resolve constructor at 140178a88 (DecompileCallback)  
WARN  Decompiling 1400f2d30, pcode error at 140178a75: Unable to resolve constructor at 140178a75 (DecompileCallback)  
WARN  Decompiling 1400f2d30, pcode error at 140178897: Unable to resolve constructor at 140178897 (DecompileCallback)  
WARN  Decompiling 1400f2d30, pcode error at 140178877: Unable to resolve constructor at 140178877 (DecompileCallback)  
WARN  Decompiling 140078800: Unable to read bytes at ram:17a7bd7b3 (DecompileCallback)  
WARN  Decompiling 140078800, pcode error at 140176346: Unable to resolve constructor at 140176346 (DecompileCallback)  
WARN  Decompiling 140078800, pcode error at 14017634b: Unable to resolve constructor at 14017634b (DecompileCallback)  
WARN  Decompiling 140078800, pcode error at 140176348: Unable to resolve constructor at 140176348 (DecompileCallback)  
WARN  Decompiling 140078800, pcode error at 14017634a: Unable to resolve constructor at 14017634a (DecompileCallback)  
WARN  Decompiling 140078800, pcode error at 140176352: Unable to resolve constructor at 140176352 (DecompileCallback)  
WARN  Decompiling 140078800, pcode error at 140176355: Unable to resolve constructor at 140176355 (DecompileCallback)  
WARN  Decompiling 140078800, pcode error at 140176343: Unable to resolve constructor at 140176343 (DecompileCallback)  
WARN  Decompiling 1400301b0: Unable to read bytes at ram:171476fac (DecompileCallback)  
WARN  Decompiling 140037d60: Unable to read bytes at ram:1a417a8b9 (DecompileCallback)  
WARN  Decompiling 140032d30: Unable to read bytes at ram:1b588a65e (DecompileCallback)  
WARN  Decompiling 140073d00: Unable to read bytes at ram:1a98fc209 (DecompileCallback)  
WARN  Decompiling 1400f6760: Unable to read bytes at ram:1a98afcfe (DecompileCallback)  
WARN  Decompiling 1400f6760, pcode error at 140179b9f: Unable to resolve constructor at 140179b9f (DecompileCallback)  
WARN  Decompiling 140073d00: Unable to read bytes at ram:1a98fc241 (DecompileCallback)  
WARN  Decompiling 140073d00: Unable to read bytes at ram:1a98fc225 (DecompileCallback)  
WARN  Decompiling 140073d00, pcode error at 14007418c: Unable to resolve constructor at 14007418c (DecompileCallback)  
WARN  Decompiling 140073d00, pcode error at 140074002: Unable to resolve constructor at 140074002 (DecompileCallback)  
WARN  Decompiling 140073d00, pcode error at 140073fd2: Unable to resolve constructor at 140073fd2 (DecompileCallback)  
WARN  Decompiling 140073d00, pcode error at 1400742da: Unable to resolve constructor at 1400742da (DecompileCallback)  
WARN  Decompiling 140073d00, pcode error at 1400741c9: Unable to resolve constructor at 1400741c9 (DecompileCallback)  
WARN  Decompiling 140073d00, pcode error at 140074264: Unable to resolve constructor at 140074264 (DecompileCallback)  
WARN  Decompiling 140073d00, pcode error at 140074218: Unable to resolve constructor at 140074218 (DecompileCallback)  
WARN  Decompiling 140073d00, pcode error at 140074265: Unable to resolve constructor at 140074265 (DecompileCallback)  
WARN  Decompiling 140073d00, pcode error at 140073ff0: Unable to resolve constructor at 140073ff0 (DecompileCallback)  
WARN  Decompiling 140073d00, pcode error at 140073fed: Unable to resolve constructor at 140073fed (DecompileCallback)  
WARN  Decompiling 1400e9ec0: Unable to read bytes at ram:1ae7ee82f (DecompileCallback)  
WARN  Decompiling 1400e9ec0: Unable to read bytes at ram:1ae7ee81b (DecompileCallback)  
WARN  Decompiling 1400e9ec0, pcode error at 140178942: Unable to resolve constructor at 140178942 (DecompileCallback)  
WARN  Decompiling 1400e9ec0, pcode error at 1401789ca: Unable to resolve constructor at 1401789ca (DecompileCallback)  
WARN  Decompiling 1400e9ec0, pcode error at 140178a77: Unable to resolve constructor at 140178a77 (DecompileCallback)  
WARN  Decompiling 1400e9ec0, pcode error at 140178ad8: Unable to resolve constructor at 140178ad8 (DecompileCallback)  
WARN  Decompiling 1400e9ec0, pcode error at 140178b3e: Unable to resolve constructor at 140178b3e (DecompileCallback)  
WARN  Decompiling 1400e9ec0, pcode error at 140178c24: Unable to resolve constructor at 140178c24 (DecompileCallback)  
WARN  Decompiling 1400e9ec0, pcode error at 140178c80: Unable to resolve constructor at 140178c80 (DecompileCallback)  
WARN  Decompiling 1400e9ec0, pcode error at 140178c7c: Unable to resolve constructor at 140178c7c (DecompileCallback)  
WARN  Decompiling 1400e9ec0, pcode error at 140178ce8: Unable to resolve constructor at 140178ce8 (DecompileCallback)  
WARN  Decompiling 1400e9ec0, pcode error at 140178c4d: Unable to resolve constructor at 140178c4d (DecompileCallback)  
WARN  Decompiling 1400e9ec0, pcode error at 140178cbc: Unable to resolve constructor at 140178cbc (DecompileCallback)  
WARN  Decompiling 1400e9ec0, pcode error at 140178d30: Unable to resolve constructor at 140178d30 (DecompileCallback)  
WARN  Decompiling 1400e9ec0, pcode error at 140178d5c: Unable to resolve constructor at 140178d5c (DecompileCallback)  
WARN  Decompiling 1400e9ec0, pcode error at 140178ca7: Unable to resolve constructor at 140178ca7 (DecompileCallback)  
WARN  Decompiling 1400e9ec0, pcode error at 140178c6a: Unable to resolve constructor at 140178c6a (DecompileCallback)  
WARN  Decompiling 1400e9ec0, pcode error at 140178cd6: Unable to resolve constructor at 140178cd6 (DecompileCallback)  
WARN  Decompiling 1400e9ec0, pcode error at 140178c99: Unable to resolve constructor at 140178c99 (DecompileCallback)  
WARN  Decompiling 1400e9ec0, pcode error at 140178c34: Unable to resolve constructor at 140178c34 (DecompileCallback)  
WARN  Decompiling 1400e9ec0, pcode error at 140178be0: Unable to resolve constructor at 140178be0 (DecompileCallback)  
WARN  Decompiling 1400e9ec0, pcode error at 140178ba4: Unable to resolve constructor at 140178ba4 (DecompileCallback)  
WARN  Decompiling 1400e9ec0, pcode error at 140178b7d: Unable to resolve constructor at 140178b7d (DecompileCallback)  
WARN  Decompiling 1400e9ec0, pcode error at 1401789a3: Unable to resolve constructor at 1401789a3 (DecompileCallback)  
WARN  Decompiling 1400e9ec0, pcode error at 140178a85: Unable to resolve constructor at 140178a85 (DecompileCallback)  
WARN  Decompiling 1400e9ec0, pcode error at 140178a88: Unable to resolve constructor at 140178a88 (DecompileCallback)  
WARN  Decompiling 1400e9ec0, pcode error at 140178a75: Unable to resolve constructor at 140178a75 (DecompileCallback)  
WARN  Decompiling 1400e9ec0, pcode error at 140178897: Unable to resolve constructor at 140178897 (DecompileCallback)  
WARN  Decompiling 1400e9ec0, pcode error at 140178877: Unable to resolve constructor at 140178877 (DecompileCallback)  
WARN  Decompiling 1400e9ec0, pcode error at 1401788c4: Unable to resolve constructor at 1401788c4 (DecompileCallback)  
WARN  Decompiling 1400e9ec0, pcode error at 1400f3164: Unable to resolve constructor at 1400f3164 (DecompileCallback)  
WARN  Decompiling 1400751f0: Unable to read bytes at ram:1a587da71 (DecompileCallback)  
WARN  Decompiling 1400f6760: Unable to read bytes at ram:1a98afd12 (DecompileCallback)  
WARN  Decompiling 1400f6760, pcode error at 140179bb8: Failed to resolve varnode <Sreg>, index=7 (DecompileCallback)  
WARN  Decompiling 140120610: Unable to read bytes at ram:1ae85de03 (DecompileCallback)  
WARN  Decompiling 140120470: Unable to read bytes at ram:1ae85e263 (DecompileCallback)  
WARN  Decompiling 140120470: Unable to read bytes at ram:1ae85e2bb (DecompileCallback)  
WARN  Decompiling 14000b8c0: Unable to read bytes at ram:1ad17936f (DecompileCallback)  
WARN  Decompiling 140041cb0: Unable to read bytes at ram:1a478b002 (DecompileCallback)  
WARN  Decompiling 140041cb0: Unable to read bytes at ram:1a478b01e (DecompileCallback)  
WARN  Decompiling 140041cb0, pcode error at 140174aa5: Unable to resolve constructor at 140174aa5 (DecompileCallback)  
WARN  Decompiling 140041cb0, pcode error at 140042392: Unable to resolve constructor at 140042392 (DecompileCallback)  
WARN  Decompiling 140041cb0, pcode error at 140042696: Unable to resolve constructor at 140042696 (DecompileCallback)  
WARN  Decompiling 140041cb0, pcode error at 1400426aa: Unable to resolve constructor at 1400426aa (DecompileCallback)  
WARN  Decompiling 14004ee60: Unable to read bytes at ram:1ae85c4b7 (DecompileCallback)  
WARN  Decompiling 140041cb0: Unable to read bytes at ram:1a478b03a (DecompileCallback)  
WARN  Decompiling 140041cb0, pcode error at 140174ad3: Unable to resolve constructor at 140174ad3 (DecompileCallback)  
WARN  Decompiling 14004ee60: Unable to read bytes at ram:1ae85c4ef (DecompileCallback)  
WARN  Decompiling 14003b870: Unable to read bytes at ram:171477578 (DecompileCallback)  
WARN  Decompiling 14003b870: Unable to read bytes at ram:171477594 (DecompileCallback)  
WARN  Decompiling 14003b870, pcode error at 14003dcd0: Unable to resolve constructor at 14003dcd0 (DecompileCallback)  
WARN  Decompiling 14003b870, pcode error at 14003dadb: Unable to resolve constructor at 14003dadb (DecompileCallback)  
WARN  Decompiling 14003b870, pcode error at 14003e023: Unable to resolve constructor at 14003e023 (DecompileCallback)  
WARN  Decompiling 14003b870, pcode error at 14003bfef: Unable to resolve constructor at 14003bfef (DecompileCallback)  
WARN  Decompiling 14003b870, pcode error at 14003dca0: Unable to resolve constructor at 14003dca0 (DecompileCallback)  
WARN  Decompiling 14003b870, pcode error at 14003dce9: Unable to resolve constructor at 14003dce9 (DecompileCallback)  
WARN  Decompiling 14003b870, pcode error at 14003daf1: Unable to resolve constructor at 14003daf1 (DecompileCallback)  
WARN  Decompiling 14003b870, pcode error at 14003c472: Unable to resolve constructor at 14003c472 (DecompileCallback)  
WARN  Decompiling 1400eed50: Unable to read bytes at ram:1a98afbaa (DecompileCallback)  
WARN  Decompiling 1400eed50, pcode error at 1400f6ab8: Unable to resolve constructor at 1400f6ab8 (DecompileCallback)  
WARN  Decompiling 1400c22c0: Unable to read bytes at ram:1a98b0e5e (DecompileCallback)  
WARN  Decompiling 1400c22c0, pcode error at 1400c117b: Unable to resolve constructor at 1400c117b (DecompileCallback)  
WARN  Decompiling 14003d170: Unable to read bytes at ram:1714775cc (DecompileCallback)  
WARN  Decompiling 14003d170: Unable to read bytes at ram:1714775e8 (DecompileCallback)  
WARN  Decompiling 14003d170, pcode error at 14003dcd0: Unable to resolve constructor at 14003dcd0 (DecompileCallback)  
WARN  Decompiling 14003d170, pcode error at 168c9621f: Could not follow disassembly flow into non-existing memory at 168c9621f (DecompileCallback)  
WARN  Decompiling 14003b870: Unable to read bytes at ram:1714775e8 (DecompileCallback)  
WARN  Decompiling 14003b870: Unable to read bytes at ram:171477604 (DecompileCallback)  
WARN  Decompiling 14003d170, pcode error at 14003dfe4: Unable to resolve constructor at 14003dfe4 (DecompileCallback)  
WARN  Decompiling 14003b870, pcode error at 128ee0849: Could not follow disassembly flow into non-existing memory at 128ee0849 (DecompileCallback)  
WARN  Decompiling 14003b870, pcode error at 14003dff8: Unable to resolve constructor at 14003dff8 (DecompileCallback)  
WARN  Decompiling 14003d170, pcode error at 128ee0849: Could not follow disassembly flow into non-existing memory at 128ee0849 (DecompileCallback)  
WARN  Decompiling 14003d170, pcode error at 14003dff8: Unable to resolve constructor at 14003dff8 (DecompileCallback)  
WARN  Decompiling 1400722f0: Unable to read bytes at ram:1a18dce21 (DecompileCallback)  
WARN  Decompiling 1400c22c0: Unable to read bytes at ram:1a98b0e72 (DecompileCallback)  
WARN  Decompiling 14003d170: Unable to read bytes at ram:171477604 (DecompileCallback)  
WARN  Decompiling 14007a350: Unable to read bytes at ram:1b588cd9e (DecompileCallback)  
WARN  Decompiling 1400c0e00: Unable to read bytes at ram:1a98b0e72 (DecompileCallback)  
WARN  Decompiling 1400eed50: Unable to read bytes at ram:1a98afd12 (DecompileCallback)  
WARN  Decompiling 1400eed50: Unable to read bytes at ram:1a98afcfe (DecompileCallback)  
WARN  Decompiling 1400eed50, pcode error at 140179bb8: Failed to resolve varnode <Sreg>, index=7 (DecompileCallback)  
WARN  Decompiling 140041660: Unable to read bytes at ram:1a98aabbe (DecompileCallback)  
WARN  Decompiling 1400eed50, pcode error at 140179b9f: Unable to resolve constructor at 140179b9f (DecompileCallback)  
WARN  Decompiling 1400c4fb0: Unable to read bytes at ram:1a98ae38e (DecompileCallback)  
WARN  Decompiling 1400c4fb0, pcode error at 1400c41bf: Unable to resolve constructor at 1400c41bf (DecompileCallback)  
WARN  Decompiling 140042c80: Unable to read bytes at ram:1608cbaa9 (DecompileCallback)  
WARN  Decompiling 140042c80, pcode error at 14017b02c: Unable to resolve constructor at 14017b02c (DecompileCallback)  
WARN  Decompiling 140042c80, pcode error at 14017b07a: Unable to resolve constructor at 14017b07a (DecompileCallback)  
WARN  Decompiling 140042c80, pcode error at 14017b09f: Unable to resolve constructor at 14017b09f (DecompileCallback)  
WARN  Decompiling 140042c80, pcode error at 14017b0e4: Unable to resolve constructor at 14017b0e4 (DecompileCallback)  
WARN  Decompiling 140042c80, pcode error at 14017b152: Unable to resolve constructor at 14017b152 (DecompileCallback)  
WARN  Decompiling 140042c80, pcode error at 14017b0fc: Unable to resolve constructor at 14017b0fc (DecompileCallback)  
WARN  Decompiling 140042c80, pcode error at 14017b14e: Unable to resolve constructor at 14017b14e (DecompileCallback)  
WARN  Decompiling 140042c80, pcode error at 14017b100: Unable to resolve constructor at 14017b100 (DecompileCallback)  
WARN  Decompiling 140043e00: Unable to read bytes at ram:171477c30 (DecompileCallback)  
WARN  Decompiling 140043e00: Unable to read bytes at ram:171477c4c (DecompileCallback)  
WARN  Decompiling 140043e00, pcode error at 140174c0b: Unable to resolve constructor at 140174c0b (DecompileCallback)  
WARN  Decompiling 140043e00, pcode error at 140174c1c: Unable to resolve constructor at 140174c1c (DecompileCallback)  
WARN  Decompiling 140043e00, pcode error at 1400447ac: Unable to resolve constructor at 1400447ac (DecompileCallback)  
WARN  Decompiling 140043e00, pcode error at 1400449f2: Unable to resolve constructor at 1400449f2 (DecompileCallback)  
WARN  Decompiling 140043e00: Unable to read bytes at ram:171477c68 (DecompileCallback)  
WARN  Decompiling 140043e00, pcode error at 140174c3b: Unable to resolve constructor at 140174c3b (DecompileCallback)  
WARN  Decompiling 140076f30: Unable to read bytes at ram:1a978d538 (DecompileCallback)  
WARN  Decompiling 140076f30: Unable to read bytes at ram:1a978d554 (DecompileCallback)  
WARN  Decompiling 140076f30, pcode error at 140077938: Unable to resolve constructor at 140077938 (DecompileCallback)  
WARN  Decompiling 140076f30, pcode error at 1400778c0: Unable to resolve constructor at 1400778c0 (DecompileCallback)  
WARN  Decompiling 140076f30, pcode error at 140077e84: Unable to resolve constructor at 140077e84 (DecompileCallback)  
WARN  Decompiling 140076f30, pcode error at 140077929: Unable to resolve constructor at 140077929 (DecompileCallback)  
WARN  Decompiling 140076f30, pcode error at 1400778f4: Unable to resolve constructor at 1400778f4 (DecompileCallback)  
WARN  Decompiling 140076f30, pcode error at 140077959: Unable to resolve constructor at 140077959 (DecompileCallback)  
WARN  Decompiling 1400c4fb0: Unable to read bytes at ram:1a98ae3a2 (DecompileCallback)  
WARN  Decompiling 140073d00: Unable to read bytes at ram:1a98fc209 (DecompileCallback)  
WARN  Decompiling 140073d00: Unable to read bytes at ram:1a98fc241 (DecompileCallback)  
WARN  Decompiling 140073d00: Unable to read bytes at ram:1a98fc225 (DecompileCallback)  
WARN  Decompiling 140073d00, pcode error at 14007418c: Unable to resolve constructor at 14007418c (DecompileCallback)  
WARN  Decompiling 140073d00, pcode error at 140074002: Unable to resolve constructor at 140074002 (DecompileCallback)  
WARN  Decompiling 140073d00, pcode error at 140073fd2: Unable to resolve constructor at 140073fd2 (DecompileCallback)  
WARN  Decompiling 140073d00, pcode error at 1400742da: Unable to resolve constructor at 1400742da (DecompileCallback)  
WARN  Decompiling 140073d00, pcode error at 1400741c9: Unable to resolve constructor at 1400741c9 (DecompileCallback)  
WARN  Decompiling 140073d00, pcode error at 140074264: Unable to resolve constructor at 140074264 (DecompileCallback)  
WARN  Decompiling 140073d00, pcode error at 140074218: Unable to resolve constructor at 140074218 (DecompileCallback)  
WARN  Decompiling 140073d00, pcode error at 140074265: Unable to resolve constructor at 140074265 (DecompileCallback)  
WARN  Decompiling 140073d00, pcode error at 140073ff0: Unable to resolve constructor at 140073ff0 (DecompileCallback)  
WARN  Decompiling 140073d00, pcode error at 140073fed: Unable to resolve constructor at 140073fed (DecompileCallback)  
WARN  Decompiling 14003b870: Unable to read bytes at ram:171477578 (DecompileCallback)  
WARN  Decompiling 14003b870: Unable to read bytes at ram:171477594 (DecompileCallback)  
WARN  Decompiling 14003b870, pcode error at 14003dcd0: Unable to resolve constructor at 14003dcd0 (DecompileCallback)  
WARN  Decompiling 14003b870, pcode error at 14003dadb: Unable to resolve constructor at 14003dadb (DecompileCallback)  
WARN  Decompiling 14003b870, pcode error at 14003e023: Unable to resolve constructor at 14003e023 (DecompileCallback)  
WARN  Decompiling 14003b870, pcode error at 14003bfef: Unable to resolve constructor at 14003bfef (DecompileCallback)  
WARN  Decompiling 14003b870, pcode error at 14003dca0: Unable to resolve constructor at 14003dca0 (DecompileCallback)  
WARN  Decompiling 14003b870, pcode error at 14003dce9: Unable to resolve constructor at 14003dce9 (DecompileCallback)  
WARN  Decompiling 14003b870, pcode error at 14003daf1: Unable to resolve constructor at 14003daf1 (DecompileCallback)  
WARN  Decompiling 14003b870, pcode error at 14003c472: Unable to resolve constructor at 14003c472 (DecompileCallback)  
WARN  Decompiling 14004ee60: Unable to read bytes at ram:1ae85c4b7 (DecompileCallback)  
WARN  Decompiling 14004ee60: Unable to read bytes at ram:1ae85c4ef (DecompileCallback)  
WARN  Decompiling 14003b870: Unable to read bytes at ram:1714775e8 (DecompileCallback)  
WARN  Decompiling 14003b870: Unable to read bytes at ram:171477604 (DecompileCallback)  
WARN  Decompiling 1400731c0: Unable to read bytes at ram:1a98fc1b5 (DecompileCallback)  
WARN  Decompiling 1400731c0: Unable to read bytes at ram:1a98fc1d1 (DecompileCallback)  
WARN  Decompiling 14003b870, pcode error at 128ee0849: Could not follow disassembly flow into non-existing memory at 128ee0849 (DecompileCallback)  
WARN  Decompiling 14003b870, pcode error at 14003dff8: Unable to resolve constructor at 14003dff8 (DecompileCallback)  
WARN  Decompiling 1400731c0, pcode error at 1400741da: Unable to resolve constructor at 1400741da (DecompileCallback)  
WARN  Decompiling 1400731c0, pcode error at 1400741eb: Unable to resolve constructor at 1400741eb (DecompileCallback)  
WARN  Decompiling 1400731c0, pcode error at 14007407e: Unable to resolve constructor at 14007407e (DecompileCallback)  
WARN  Decompiling 1400731c0, pcode error at 140073f7c: Unable to resolve constructor at 140073f7c (DecompileCallback)  
WARN  Decompiling 1400731c0, pcode error at 140073f17: Unable to resolve constructor at 140073f17 (DecompileCallback)  
WARN  Decompiling 1400731c0, pcode error at 140073ed7: Unable to resolve constructor at 140073ed7 (DecompileCallback)  
WARN  Decompiling 1400731c0, pcode error at 14007347a: Unable to resolve constructor at 14007347a (DecompileCallback)  
WARN  Decompiling 1400731c0, pcode error at 140073479: Unable to resolve constructor at 140073479 (DecompileCallback)  
WARN  Decompiling 1400731c0, pcode error at 140073516: Unable to resolve constructor at 140073516 (DecompileCallback)  
WARN  Decompiling 1400731c0, pcode error at 140073894: Unable to resolve constructor at 140073894 (DecompileCallback)  
WARN  Decompiling 1400731c0, pcode error at 140176079: Unable to resolve constructor at 140176079 (DecompileCallback)  
WARN  Decompiling 1400731c0, pcode error at 1400741c9: Unable to resolve constructor at 1400741c9 (DecompileCallback)  
WARN  Decompiling 1400731c0, pcode error at 140074162: Unable to resolve constructor at 140074162 (DecompileCallback)  
WARN  Decompiling 1400731c0, pcode error at 140073fd2: Unable to resolve constructor at 140073fd2 (DecompileCallback)  
WARN  Decompiling 1400731c0, pcode error at 140073f98: Unable to resolve constructor at 140073f98 (DecompileCallback)  
WARN  Decompiling 1400731c0, pcode error at 140074408: Unable to resolve constructor at 140074408 (DecompileCallback)  
WARN  Decompiling 1400731c0: Unable to read bytes at ram:1a98fc187 (DecompileCallback)  
WARN  Decompiling 1400731c0: Unable to read bytes at ram:1a98fc225 (DecompileCallback)  
WARN  Decompiling 1400731c0: Unable to read bytes at ram:1a98fc241 (DecompileCallback)  
WARN  Decompiling 1400731c0, pcode error at 140074218: Unable to resolve constructor at 140074218 (DecompileCallback)  
WARN  Decompiling 1400731c0, pcode error at 140074265: Unable to resolve constructor at 140074265 (DecompileCallback)  
WARN  Decompiling 1400731c0, pcode error at 140073ff0: Unable to resolve constructor at 140073ff0 (DecompileCallback)  
WARN  Decompiling 1400731c0, pcode error at 140073fed: Unable to resolve constructor at 140073fed (DecompileCallback)  
WARN  Decompiling 1400731c0, pcode error at 140074264: Unable to resolve constructor at 140074264 (DecompileCallback)  
WARN  Decompiling 1400751f0: Unable to read bytes at ram:1a587da71 (DecompileCallback)  
WARN  Decompiling 1400751f0: Unable to read bytes at ram:1a587da8d (DecompileCallback)  
WARN  Decompiling 1400751f0, pcode error at 1400760b2: Unable to resolve constructor at 1400760b2 (DecompileCallback)  
WARN  Decompiling 1400751f0, pcode error at 1400760e2: Unable to resolve constructor at 1400760e2 (DecompileCallback)  
WARN  Decompiling 1400751f0, pcode error at 140075fd0: Unable to resolve constructor at 140075fd0 (DecompileCallback)  
WARN  Decompiling 1400751f0, pcode error at 1400761a5: Unable to resolve constructor at 1400761a5 (DecompileCallback)  
WARN  Decompiling 1400751f0, pcode error at 14007609c: Unable to resolve constructor at 14007609c (DecompileCallback)  
WARN  Decompiling 1400751f0, pcode error at 140075fec: Unable to resolve constructor at 140075fec (DecompileCallback)  
WARN  Decompiling 140076f30: Unable to read bytes at ram:1a978d538 (DecompileCallback)  
WARN  Decompiling 140076f30: Unable to read bytes at ram:1a978d554 (DecompileCallback)  
WARN  Decompiling 140076f30, pcode error at 140077938: Unable to resolve constructor at 140077938 (DecompileCallback)  
WARN  Decompiling 140076f30, pcode error at 1400778c0: Unable to resolve constructor at 1400778c0 (DecompileCallback)  
WARN  Decompiling 140076f30, pcode error at 140077e84: Unable to resolve constructor at 140077e84 (DecompileCallback)  
WARN  Decompiling 140076f30, pcode error at 140077929: Unable to resolve constructor at 140077929 (DecompileCallback)  
WARN  Decompiling 140076f30, pcode error at 1400778f4: Unable to resolve constructor at 1400778f4 (DecompileCallback)  
WARN  Decompiling 140076f30, pcode error at 140077959: Unable to resolve constructor at 140077959 (DecompileCallback)  
WARN  Decompiling 140032f50: Unable to read bytes at ram:1a98aa296 (DecompileCallback)  
WARN  Decompiling 140032f50, pcode error at 140033424: Unable to resolve constructor at 140033424 (DecompileCallback)  
WARN  Decompiling 1400751f0: Unable to read bytes at ram:1a587da71 (DecompileCallback)  
INFO  Packed database cache: C:\Users\chess\AppData\Local\ghidra\packed-db-cache (PackedDatabaseCache)  
INFO  Applied data type archive: windows_vs12_64 (ApplyDataArchiveAnalyzer)  
INFO  Applied data type archive: windows_vs12_64 (ApplyDataArchiveAnalyzer)  
WARN  Decompiling 1401202d0: Unable to read bytes at ram:1ae85ddab (DecompileCallback)  
WARN  Decompiling 1401202d0: Unable to read bytes at ram:1ae85de03 (DecompileCallback)  
WARN  Decompiling 140120610: Unable to read bytes at ram:1ae85de03 (DecompileCallback)  
WARN  Decompiling 140120470: Unable to read bytes at ram:1ae85e263 (DecompileCallback)  
WARN  Decompiling 140120470: Unable to read bytes at ram:1ae85e2bb (DecompileCallback)  
WARN  Decompiling 1401207b0: Unable to read bytes at ram:1ae85e2bb (DecompileCallback)  
WARN  Decompiling 1400731c0: Unable to read bytes at ram:1a98fc1b5 (DecompileCallback)  
WARN  Decompiling 1400731c0: Unable to read bytes at ram:1a98fc1d1 (DecompileCallback)  
WARN  Decompiling 1400731c0, pcode error at 1400741da: Unable to resolve constructor at 1400741da (DecompileCallback)  
WARN  Decompiling 140073d00: Unable to read bytes at ram:1a98fc209 (DecompileCallback)  
WARN  Decompiling 1400731c0, pcode error at 1400741eb: Unable to resolve constructor at 1400741eb (DecompileCallback)  
WARN  Decompiling 1400731c0, pcode error at 14007407e: Unable to resolve constructor at 14007407e (DecompileCallback)  
WARN  Decompiling 140073d00: Unable to read bytes at ram:1a98fc241 (DecompileCallback)  
WARN  Decompiling 140073d00: Unable to read bytes at ram:1a98fc225 (DecompileCallback)  
WARN  Decompiling 1400731c0, pcode error at 140073f7c: Unable to resolve constructor at 140073f7c (DecompileCallback)  
WARN  Decompiling 140073d00, pcode error at 14007418c: Unable to resolve constructor at 14007418c (DecompileCallback)  
WARN  Decompiling 140073d00, pcode error at 140074002: Unable to resolve constructor at 140074002 (DecompileCallback)  
WARN  Decompiling 140073d00, pcode error at 140073fd2: Unable to resolve constructor at 140073fd2 (DecompileCallback)  
WARN  Decompiling 1400731c0, pcode error at 140073f17: Unable to resolve constructor at 140073f17 (DecompileCallback)  
WARN  Decompiling 140073d00, pcode error at 1400742da: Unable to resolve constructor at 1400742da (DecompileCallback)  
WARN  Decompiling 1400731c0, pcode error at 140073ed7: Unable to resolve constructor at 140073ed7 (DecompileCallback)  
WARN  Decompiling 1400731c0, pcode error at 14007347a: Unable to resolve constructor at 14007347a (DecompileCallback)  
WARN  Decompiling 1400731c0, pcode error at 140073479: Unable to resolve constructor at 140073479 (DecompileCallback)  
WARN  Decompiling 1400731c0, pcode error at 140073516: Unable to resolve constructor at 140073516 (DecompileCallback)  
WARN  Decompiling 1400731c0, pcode error at 140073894: Unable to resolve constructor at 140073894 (DecompileCallback)  
WARN  Decompiling 1400731c0, pcode error at 140176079: Unable to resolve constructor at 140176079 (DecompileCallback)  
WARN  Decompiling 1400731c0, pcode error at 1400741c9: Unable to resolve constructor at 1400741c9 (DecompileCallback)  
WARN  Decompiling 1400731c0, pcode error at 140074162: Unable to resolve constructor at 140074162 (DecompileCallback)  
WARN  Decompiling 1400731c0, pcode error at 140073fd2: Unable to resolve constructor at 140073fd2 (DecompileCallback)  
WARN  Decompiling 1400731c0, pcode error at 140073f98: Unable to resolve constructor at 140073f98 (DecompileCallback)  
WARN  Decompiling 140073d00, pcode error at 1400741c9: Unable to resolve constructor at 1400741c9 (DecompileCallback)  
WARN  Decompiling 140073d00, pcode error at 140074264: Unable to resolve constructor at 140074264 (DecompileCallback)  
WARN  Decompiling 140073d00, pcode error at 140074218: Unable to resolve constructor at 140074218 (DecompileCallback)  
WARN  Decompiling 140073d00, pcode error at 140074265: Unable to resolve constructor at 140074265 (DecompileCallback)  
WARN  Decompiling 1400731c0, pcode error at 140074408: Unable to resolve constructor at 140074408 (DecompileCallback)  
WARN  Decompiling 140073d00, pcode error at 140073ff0: Unable to resolve constructor at 140073ff0 (DecompileCallback)  
WARN  Decompiling 140073d00, pcode error at 140073fed: Unable to resolve constructor at 140073fed (DecompileCallback)  
WARN  Decompiling 1400731c0: Unable to read bytes at ram:1a98fc187 (DecompileCallback)  
WARN  Decompiling 1400731c0: Unable to read bytes at ram:1a98fc225 (DecompileCallback)  
WARN  Decompiling 1400731c0: Unable to read bytes at ram:1a98fc241 (DecompileCallback)  
WARN  Decompiling 1400731c0, pcode error at 140074218: Unable to resolve constructor at 140074218 (DecompileCallback)  
WARN  Decompiling 1400731c0, pcode error at 140074265: Unable to resolve constructor at 140074265 (DecompileCallback)  
WARN  Decompiling 1400731c0, pcode error at 140073ff0: Unable to resolve constructor at 140073ff0 (DecompileCallback)  
WARN  Decompiling 1400731c0, pcode error at 140073fed: Unable to resolve constructor at 140073fed (DecompileCallback)  
WARN  Decompiling 1400731c0, pcode error at 140074264: Unable to resolve constructor at 140074264 (DecompileCallback)  
WARN  Decompiling 1400e9ec0: Unable to read bytes at ram:1ae7ee6c7 (DecompileCallback)  
WARN  Decompiling 1400e9ec0, pcode error at 14017876f: Unable to resolve constructor at 14017876f (DecompileCallback)  
WARN  Decompiling 1400eed50: Unable to read bytes at ram:1a98afbaa (DecompileCallback)  
WARN  Decompiling 1400eed50, pcode error at 1400f6ab8: Unable to resolve constructor at 1400f6ab8 (DecompileCallback)  
WARN  Decompiling 1400e9ec0: Unable to read bytes at ram:1ae7ee82f (DecompileCallback)  
WARN  Decompiling 1400e9ec0: Unable to read bytes at ram:1ae7ee81b (DecompileCallback)  
WARN  Decompiling 1400e9ec0, pcode error at 140178942: Unable to resolve constructor at 140178942 (DecompileCallback)  
WARN  Decompiling 1400e9ec0, pcode error at 1401789ca: Unable to resolve constructor at 1401789ca (DecompileCallback)  
WARN  Decompiling 1400e9ec0, pcode error at 140178a77: Unable to resolve constructor at 140178a77 (DecompileCallback)  
WARN  Decompiling 1400e9ec0, pcode error at 140178ad8: Unable to resolve constructor at 140178ad8 (DecompileCallback)  
WARN  Decompiling 1400e9ec0, pcode error at 140178b3e: Unable to resolve constructor at 140178b3e (DecompileCallback)  
WARN  Decompiling 1400e9ec0, pcode error at 140178c24: Unable to resolve constructor at 140178c24 (DecompileCallback)  
WARN  Decompiling 1400e9ec0, pcode error at 140178c80: Unable to resolve constructor at 140178c80 (DecompileCallback)  
WARN  Decompiling 1400e9ec0, pcode error at 140178c7c: Unable to resolve constructor at 140178c7c (DecompileCallback)  
WARN  Decompiling 1400e9ec0, pcode error at 140178ce8: Unable to resolve constructor at 140178ce8 (DecompileCallback)  
WARN  Decompiling 1400e9ec0, pcode error at 140178c4d: Unable to resolve constructor at 140178c4d (DecompileCallback)  
WARN  Decompiling 1400e9ec0, pcode error at 140178cbc: Unable to resolve constructor at 140178cbc (DecompileCallback)  
WARN  Decompiling 1400e9ec0, pcode error at 140178d30: Unable to resolve constructor at 140178d30 (DecompileCallback)  
WARN  Decompiling 1400e9ec0, pcode error at 140178d5c: Unable to resolve constructor at 140178d5c (DecompileCallback)  
WARN  Decompiling 1400e9ec0, pcode error at 140178ca7: Unable to resolve constructor at 140178ca7 (DecompileCallback)  
WARN  Decompiling 1400e9ec0, pcode error at 140178c6a: Unable to resolve constructor at 140178c6a (DecompileCallback)  
WARN  Decompiling 1400e9ec0, pcode error at 140178cd6: Unable to resolve constructor at 140178cd6 (DecompileCallback)  
WARN  Decompiling 1400e9ec0, pcode error at 140178c99: Unable to resolve constructor at 140178c99 (DecompileCallback)  
WARN  Decompiling 1400e9ec0, pcode error at 140178c34: Unable to resolve constructor at 140178c34 (DecompileCallback)  
WARN  Decompiling 1400e9ec0, pcode error at 140178be0: Unable to resolve constructor at 140178be0 (DecompileCallback)  
WARN  Decompiling 1400e9ec0, pcode error at 140178ba4: Unable to resolve constructor at 140178ba4 (DecompileCallback)  
WARN  Decompiling 1400e9ec0, pcode error at 140178b7d: Unable to resolve constructor at 140178b7d (DecompileCallback)  
WARN  Decompiling 1400e9ec0, pcode error at 1401789a3: Unable to resolve constructor at 1401789a3 (DecompileCallback)  
WARN  Decompiling 1400e9ec0, pcode error at 140178a85: Unable to resolve constructor at 140178a85 (DecompileCallback)  
WARN  Decompiling 1400e9ec0, pcode error at 140178a88: Unable to resolve constructor at 140178a88 (DecompileCallback)  
WARN  Decompiling 1400e9ec0, pcode error at 140178a75: Unable to resolve constructor at 140178a75 (DecompileCallback)  
WARN  Decompiling 1400e9ec0, pcode error at 140178897: Unable to resolve constructor at 140178897 (DecompileCallback)  
WARN  Decompiling 1400e9ec0, pcode error at 140178877: Unable to resolve constructor at 140178877 (DecompileCallback)  
WARN  Decompiling 1400e9ec0, pcode error at 1401788c4: Unable to resolve constructor at 1401788c4 (DecompileCallback)  
WARN  Decompiling 1400e9ec0, pcode error at 1400f3164: Unable to resolve constructor at 1400f3164 (DecompileCallback)  
WARN  Decompiling 1400eed50: Unable to read bytes at ram:1a98afd12 (DecompileCallback)  
WARN  Decompiling 1400eed50: Unable to read bytes at ram:1a98afcfe (DecompileCallback)  
WARN  Decompiling 1400eed50, pcode error at 140179bb8: Failed to resolve varnode <Sreg>, index=7 (DecompileCallback)  
WARN  Decompiling 1400eed50, pcode error at 140179b9f: Unable to resolve constructor at 140179b9f (DecompileCallback)  
WARN  Decompiling 140076f30: Unable to read bytes at ram:1a978d538 (DecompileCallback)  
WARN  Decompiling 140076f30: Unable to read bytes at ram:1a978d554 (DecompileCallback)  
WARN  Decompiling 140076f30, pcode error at 140077938: Unable to resolve constructor at 140077938 (DecompileCallback)  
WARN  Decompiling 140076f30, pcode error at 1400778c0: Unable to resolve constructor at 1400778c0 (DecompileCallback)  
WARN  Decompiling 140076f30, pcode error at 140077e84: Unable to resolve constructor at 140077e84 (DecompileCallback)  
WARN  Decompiling 140076f30, pcode error at 140077929: Unable to resolve constructor at 140077929 (DecompileCallback)  
WARN  Decompiling 140076f30, pcode error at 1400778f4: Unable to resolve constructor at 1400778f4 (DecompileCallback)  
WARN  Decompiling 140076f30, pcode error at 140077959: Unable to resolve constructor at 140077959 (DecompileCallback)  
WARN  Decompiling 1400c22c0: Unable to read bytes at ram:1a98b0e5e (DecompileCallback)  
WARN  Decompiling 1400c0e00: Unable to read bytes at ram:1a98b0e72 (DecompileCallback)  
WARN  Decompiling 1400c22c0, pcode error at 1400c117b: Unable to resolve constructor at 1400c117b (DecompileCallback)  
WARN  Decompiling 1400c22c0: Unable to read bytes at ram:1a98b0e72 (DecompileCallback)  
WARN  Decompiling 1400c4fb0: Unable to read bytes at ram:1a98ae38e (DecompileCallback)  
WARN  Decompiling 1400c3c00: Unable to read bytes at ram:1a98ae3a2 (DecompileCallback)  
WARN  Decompiling 1400c4fb0, pcode error at 1400c41bf: Unable to resolve constructor at 1400c41bf (DecompileCallback)  
WARN  Decompiling 1400c4fb0: Unable to read bytes at ram:1a98ae3a2 (DecompileCallback)  
WARN  Decompiling 1400f5590: Unable to read bytes at ram:1a98afd12 (DecompileCallback)  
WARN  Decompiling 1400f5590, pcode error at 140179bb8: Failed to resolve varnode <Sreg>, index=7 (DecompileCallback)  
WARN  Decompiling 1400f3ef0: Unable to read bytes at ram:1ae7ee81b (DecompileCallback)  
WARN  Decompiling 1400f3ef0, pcode error at 1401788c4: Unable to resolve constructor at 1401788c4 (DecompileCallback)  
WARN  Decompiling 1400f3ef0, pcode error at 1400f3164: Unable to resolve constructor at 1400f3164 (DecompileCallback)  
WARN  Decompiling 1400f2d30: Unable to read bytes at ram:1ae7ee82f (DecompileCallback)  
WARN  Decompiling 1400f2d30, pcode error at 140178942: Unable to resolve constructor at 140178942 (DecompileCallback)  
WARN  Decompiling 1400f2d30, pcode error at 1401789ca: Unable to resolve constructor at 1401789ca (DecompileCallback)  
WARN  Decompiling 1400f2d30, pcode error at 140178a77: Unable to resolve constructor at 140178a77 (DecompileCallback)  
WARN  Decompiling 1400f2d30, pcode error at 140178ad8: Unable to resolve constructor at 140178ad8 (DecompileCallback)  
WARN  Decompiling 1400f2d30, pcode error at 140178b3e: Unable to resolve constructor at 140178b3e (DecompileCallback)  
WARN  Decompiling 1400751f0: Unable to read bytes at ram:1a587da71 (DecompileCallback)  
WARN  Decompiling 1400f2d30, pcode error at 140178c24: Unable to resolve constructor at 140178c24 (DecompileCallback)  
WARN  Decompiling 1400f2d30, pcode error at 140178c80: Unable to resolve constructor at 140178c80 (DecompileCallback)  
WARN  Decompiling 1400f2d30, pcode error at 140178c7c: Unable to resolve constructor at 140178c7c (DecompileCallback)  
WARN  Decompiling 1400f2d30, pcode error at 140178ce8: Unable to resolve constructor at 140178ce8 (DecompileCallback)  
WARN  Decompiling 1400f2d30, pcode error at 140178c4d: Unable to resolve constructor at 140178c4d (DecompileCallback)  
WARN  Decompiling 1400f2d30, pcode error at 140178cbc: Unable to resolve constructor at 140178cbc (DecompileCallback)  
WARN  Decompiling 1400751f0: Unable to read bytes at ram:1a587da8d (DecompileCallback)  
WARN  Decompiling 1400f2d30, pcode error at 140178d30: Unable to resolve constructor at 140178d30 (DecompileCallback)  
WARN  Decompiling 1400751f0, pcode error at 1400760b2: Unable to resolve constructor at 1400760b2 (DecompileCallback)  
WARN  Decompiling 1400f2d30, pcode error at 140178d5c: Unable to resolve constructor at 140178d5c (DecompileCallback)  
WARN  Decompiling 1400f2d30, pcode error at 140178ca7: Unable to resolve constructor at 140178ca7 (DecompileCallback)  
WARN  Decompiling 1400f2d30, pcode error at 140178c6a: Unable to resolve constructor at 140178c6a (DecompileCallback)  
WARN  Decompiling 1400f2d30, pcode error at 140178cd6: Unable to resolve constructor at 140178cd6 (DecompileCallback)  
WARN  Decompiling 1400f2d30, pcode error at 140178c99: Unable to resolve constructor at 140178c99 (DecompileCallback)  
WARN  Decompiling 1400f2d30, pcode error at 140178c34: Unable to resolve constructor at 140178c34 (DecompileCallback)  
WARN  Decompiling 1400f2d30, pcode error at 140178be0: Unable to resolve constructor at 140178be0 (DecompileCallback)  
WARN  Decompiling 1400f2d30, pcode error at 140178ba4: Unable to resolve constructor at 140178ba4 (DecompileCallback)  
WARN  Decompiling 1400f2d30, pcode error at 140178b7d: Unable to resolve constructor at 140178b7d (DecompileCallback)  
WARN  Decompiling 1400751f0, pcode error at 1400760e2: Unable to resolve constructor at 1400760e2 (DecompileCallback)  
WARN  Decompiling 1400f2d30, pcode error at 1401789a3: Unable to resolve constructor at 1401789a3 (DecompileCallback)  
WARN  Decompiling 1400f2d30, pcode error at 140178a85: Unable to resolve constructor at 140178a85 (DecompileCallback)  
WARN  Decompiling 1400f2d30, pcode error at 140178a88: Unable to resolve constructor at 140178a88 (DecompileCallback)  
WARN  Decompiling 1400f2d30, pcode error at 140178a75: Unable to resolve constructor at 140178a75 (DecompileCallback)  
WARN  Decompiling 1400751f0, pcode error at 140075fd0: Unable to resolve constructor at 140075fd0 (DecompileCallback)  
WARN  Decompiling 1400751f0, pcode error at 1400761a5: Unable to resolve constructor at 1400761a5 (DecompileCallback)  
WARN  Decompiling 1400f2d30, pcode error at 140178897: Unable to resolve constructor at 140178897 (DecompileCallback)  
WARN  Decompiling 1400f2d30, pcode error at 140178877: Unable to resolve constructor at 140178877 (DecompileCallback)  
WARN  Decompiling 1400751f0, pcode error at 14007609c: Unable to resolve constructor at 14007609c (DecompileCallback)  
WARN  Decompiling 1400751f0, pcode error at 140075fec: Unable to resolve constructor at 140075fec (DecompileCallback)  
WARN  Decompiling 1400f3ef0: Unable to read bytes at ram:1ae7ee82f (DecompileCallback)  
WARN  Decompiling 1400f3ef0, pcode error at 140178942: Unable to resolve constructor at 140178942 (DecompileCallback)  
WARN  Decompiling 1400f3ef0, pcode error at 1401789ca: Unable to resolve constructor at 1401789ca (DecompileCallback)  
WARN  Decompiling 1400f3ef0, pcode error at 140178a77: Unable to resolve constructor at 140178a77 (DecompileCallback)  
WARN  Decompiling 1400f3ef0, pcode error at 140178ad8: Unable to resolve constructor at 140178ad8 (DecompileCallback)  
WARN  Decompiling 1400f3ef0, pcode error at 140178b3e: Unable to resolve constructor at 140178b3e (DecompileCallback)  
WARN  Decompiling 1400f3ef0, pcode error at 140178c24: Unable to resolve constructor at 140178c24 (DecompileCallback)  
WARN  Decompiling 1400f3ef0, pcode error at 140178c80: Unable to resolve constructor at 140178c80 (DecompileCallback)  
WARN  Decompiling 1400f3ef0, pcode error at 140178c7c: Unable to resolve constructor at 140178c7c (DecompileCallback)  
WARN  Decompiling 1400f3ef0, pcode error at 140178ce8: Unable to resolve constructor at 140178ce8 (DecompileCallback)  
WARN  Decompiling 1400f3ef0, pcode error at 140178c4d: Unable to resolve constructor at 140178c4d (DecompileCallback)  
WARN  Decompiling 1400f3ef0, pcode error at 140178cbc: Unable to resolve constructor at 140178cbc (DecompileCallback)  
WARN  Decompiling 1400f3ef0, pcode error at 140178d30: Unable to resolve constructor at 140178d30 (DecompileCallback)  
WARN  Decompiling 1400f3ef0, pcode error at 140178d5c: Unable to resolve constructor at 140178d5c (DecompileCallback)  
WARN  Decompiling 1400f3ef0, pcode error at 140178ca7: Unable to resolve constructor at 140178ca7 (DecompileCallback)  
WARN  Decompiling 1400f3ef0, pcode error at 140178c6a: Unable to resolve constructor at 140178c6a (DecompileCallback)  
WARN  Decompiling 1400f3ef0, pcode error at 140178cd6: Unable to resolve constructor at 140178cd6 (DecompileCallback)  
WARN  Decompiling 1400f3ef0, pcode error at 140178c99: Unable to resolve constructor at 140178c99 (DecompileCallback)  
WARN  Decompiling 1400f3ef0, pcode error at 140178c34: Unable to resolve constructor at 140178c34 (DecompileCallback)  
WARN  Decompiling 1400f3ef0, pcode error at 140178be0: Unable to resolve constructor at 140178be0 (DecompileCallback)  
WARN  Decompiling 1400f3ef0, pcode error at 140178ba4: Unable to resolve constructor at 140178ba4 (DecompileCallback)  
WARN  Decompiling 1400f3ef0, pcode error at 140178b7d: Unable to resolve constructor at 140178b7d (DecompileCallback)  
WARN  Decompiling 1400f3ef0, pcode error at 1401789a3: Unable to resolve constructor at 1401789a3 (DecompileCallback)  
WARN  Decompiling 1400f3ef0, pcode error at 140178a85: Unable to resolve constructor at 140178a85 (DecompileCallback)  
WARN  Decompiling 1400f3ef0, pcode error at 140178a88: Unable to resolve constructor at 140178a88 (DecompileCallback)  
WARN  Decompiling 1400f3ef0, pcode error at 140178a75: Unable to resolve constructor at 140178a75 (DecompileCallback)  
WARN  Decompiling 1400f3ef0, pcode error at 140178897: Unable to resolve constructor at 140178897 (DecompileCallback)  
WARN  Decompiling 1400f3ef0, pcode error at 140178877: Unable to resolve constructor at 140178877 (DecompileCallback)  
WARN  Decompiling 1400f6760: Unable to read bytes at ram:1a98afcfe (DecompileCallback)  
WARN  Decompiling 1400f6760, pcode error at 140179b9f: Unable to resolve constructor at 140179b9f (DecompileCallback)  
WARN  Decompiling 1400751f0: Unable to read bytes at ram:1a587da71 (DecompileCallback)  
WARN  Decompiling 1400f6760: Unable to read bytes at ram:1a98afd12 (DecompileCallback)  
WARN  Decompiling 1400f6760, pcode error at 140179bb8: Failed to resolve varnode <Sreg>, index=7 (DecompileCallback)  
WARN  Decompiling 140032d30: Unable to read bytes at ram:1b588a65e (DecompileCallback)  
WARN  Decompiling 14004ee60: Unable to read bytes at ram:1ae85c4b7 (DecompileCallback)  
WARN  Decompiling 140078800: Unable to read bytes at ram:17a7bd7b3 (DecompileCallback)  
WARN  Decompiling 140078800, pcode error at 140176346: Unable to resolve constructor at 140176346 (DecompileCallback)  
WARN  Decompiling 140078800, pcode error at 14017634b: Unable to resolve constructor at 14017634b (DecompileCallback)  
WARN  Decompiling 140078800, pcode error at 140176348: Unable to resolve constructor at 140176348 (DecompileCallback)  
WARN  Decompiling 140078800, pcode error at 14017634a: Unable to resolve constructor at 14017634a (DecompileCallback)  
WARN  Decompiling 140078800, pcode error at 140176352: Unable to resolve constructor at 140176352 (DecompileCallback)  
WARN  Decompiling 140078800, pcode error at 140176355: Unable to resolve constructor at 140176355 (DecompileCallback)  
WARN  Decompiling 140078800, pcode error at 140176343: Unable to resolve constructor at 140176343 (DecompileCallback)  
WARN  Decompiling 14004ee60: Unable to read bytes at ram:1ae85c4ef (DecompileCallback)  
WARN  Decompiling 140041660: Unable to read bytes at ram:1a98aabbe (DecompileCallback)  
WARN  Decompiling 140032f50: Unable to read bytes at ram:1a98aa296 (DecompileCallback)  
WARN  Decompiling 140032f50, pcode error at 140033424: Unable to resolve constructor at 140033424 (DecompileCallback)  
WARN  Decompiling 140041cb0: Unable to read bytes at ram:1a478b002 (DecompileCallback)  
WARN  Decompiling 140041cb0: Unable to read bytes at ram:1a478b01e (DecompileCallback)  
WARN  Decompiling 140041cb0, pcode error at 140174aa5: Unable to resolve constructor at 140174aa5 (DecompileCallback)  
WARN  Decompiling 140041cb0, pcode error at 140042392: Unable to resolve constructor at 140042392 (DecompileCallback)  
WARN  Decompiling 140041cb0, pcode error at 140042696: Unable to resolve constructor at 140042696 (DecompileCallback)  
WARN  Decompiling 140041cb0, pcode error at 1400426aa: Unable to resolve constructor at 1400426aa (DecompileCallback)  
WARN  Decompiling 140041cb0: Unable to read bytes at ram:1a478b03a (DecompileCallback)  
WARN  Decompiling 140041cb0, pcode error at 140174ad3: Unable to resolve constructor at 140174ad3 (DecompileCallback)  
WARN  Decompiling 14003b870: Unable to read bytes at ram:171477578 (DecompileCallback)  
WARN  Decompiling 14003b870: Unable to read bytes at ram:171477594 (DecompileCallback)  
WARN  Decompiling 14003b870, pcode error at 14003dcd0: Unable to resolve constructor at 14003dcd0 (DecompileCallback)  
WARN  Decompiling 140043e00: Unable to read bytes at ram:171477c30 (DecompileCallback)  
WARN  Decompiling 14003b870, pcode error at 14003dadb: Unable to resolve constructor at 14003dadb (DecompileCallback)  
WARN  Decompiling 140043e00: Unable to read bytes at ram:171477c4c (DecompileCallback)  
WARN  Decompiling 140043e00, pcode error at 140174c0b: Unable to resolve constructor at 140174c0b (DecompileCallback)  
WARN  Decompiling 14003b870, pcode error at 14003e023: Unable to resolve constructor at 14003e023 (DecompileCallback)  
WARN  Decompiling 14003b870, pcode error at 14003bfef: Unable to resolve constructor at 14003bfef (DecompileCallback)  
WARN  Decompiling 140043e00, pcode error at 140174c1c: Unable to resolve constructor at 140174c1c (DecompileCallback)  
WARN  Decompiling 140043e00, pcode error at 1400447ac: Unable to resolve constructor at 1400447ac (DecompileCallback)  
WARN  Decompiling 140043e00, pcode error at 1400449f2: Unable to resolve constructor at 1400449f2 (DecompileCallback)  
WARN  Decompiling 14003b870, pcode error at 14003dca0: Unable to resolve constructor at 14003dca0 (DecompileCallback)  
WARN  Decompiling 14003b870, pcode error at 14003dce9: Unable to resolve constructor at 14003dce9 (DecompileCallback)  
WARN  Decompiling 14003b870, pcode error at 14003daf1: Unable to resolve constructor at 14003daf1 (DecompileCallback)  
WARN  Decompiling 14003b870, pcode error at 14003c472: Unable to resolve constructor at 14003c472 (DecompileCallback)  
WARN  Decompiling 14003d170: Unable to read bytes at ram:1714775cc (DecompileCallback)  
WARN  Decompiling 14003d170: Unable to read bytes at ram:1714775e8 (DecompileCallback)  
WARN  Decompiling 14003d170, pcode error at 14003dcd0: Unable to resolve constructor at 14003dcd0 (DecompileCallback)  
WARN  Decompiling 14003d170, pcode error at 168c9621f: Could not follow disassembly flow into non-existing memory at 168c9621f (DecompileCallback)  
WARN  Decompiling 14003d170, pcode error at 14003dfe4: Unable to resolve constructor at 14003dfe4 (DecompileCallback)  
WARN  Decompiling 14003d170, pcode error at 128ee0849: Could not follow disassembly flow into non-existing memory at 128ee0849 (DecompileCallback)  
WARN  Decompiling 14003d170, pcode error at 14003dff8: Unable to resolve constructor at 14003dff8 (DecompileCallback)  
WARN  Decompiling 140043e00: Unable to read bytes at ram:171477c68 (DecompileCallback)  
WARN  Decompiling 140043e00, pcode error at 140174c3b: Unable to resolve constructor at 140174c3b (DecompileCallback)  
WARN  Decompiling 1400301b0: Unable to read bytes at ram:171476fac (DecompileCallback)  
WARN  Decompiling 14003d170: Unable to read bytes at ram:171477604 (DecompileCallback)  
WARN  Decompiling 14003b870: Unable to read bytes at ram:1714775e8 (DecompileCallback)  
WARN  Decompiling 14003b870: Unable to read bytes at ram:171477604 (DecompileCallback)  
WARN  Decompiling 14003b870, pcode error at 128ee0849: Could not follow disassembly flow into non-existing memory at 128ee0849 (DecompileCallback)  
WARN  Decompiling 14003b870, pcode error at 14003dff8: Unable to resolve constructor at 14003dff8 (DecompileCallback)  
WARN  Decompiling 1401202d0: Unable to read bytes at ram:1ae85ddab (DecompileCallback)  
WARN  Decompiling 1401202d0: Unable to read bytes at ram:1ae85de03 (DecompileCallback)  
WARN  Decompiling 140120610: Unable to read bytes at ram:1ae85de03 (DecompileCallback)  
WARN  Decompiling 140042c80: Unable to read bytes at ram:1608cbaa9 (DecompileCallback)  
WARN  Decompiling 140041120: Unable to read bytes at ram:1a98aaba2 (DecompileCallback)  
WARN  Decompiling 140041120, pcode error at 14004186c: Unable to resolve constructor at 14004186c (DecompileCallback)  
WARN  Decompiling 14007a350: Unable to read bytes at ram:1b588cd9e (DecompileCallback)  
WARN  Decompiling 140042c80, pcode error at 14017b02c: Unable to resolve constructor at 14017b02c (DecompileCallback)  
WARN  Decompiling 14000b8c0: Unable to read bytes at ram:1ad17936f (DecompileCallback)  
WARN  Decompiling 140042c80, pcode error at 14017b07a: Unable to resolve constructor at 14017b07a (DecompileCallback)  
WARN  Decompiling 140042c80, pcode error at 14017b09f: Unable to resolve constructor at 14017b09f (DecompileCallback)  
WARN  Decompiling 140042c80, pcode error at 14017b0e4: Unable to resolve constructor at 14017b0e4 (DecompileCallback)  
WARN  Decompiling 140042c80, pcode error at 14017b152: Unable to resolve constructor at 14017b152 (DecompileCallback)  
WARN  Decompiling 140042c80, pcode error at 14017b0fc: Unable to resolve constructor at 14017b0fc (DecompileCallback)  
WARN  Decompiling 140042c80, pcode error at 14017b14e: Unable to resolve constructor at 14017b14e (DecompileCallback)  
WARN  Decompiling 140042c80, pcode error at 14017b100: Unable to resolve constructor at 14017b100 (DecompileCallback)  
WARN  Decompiling 14002dfe0: Unable to read bytes at ram:1b38a9ee0 (DecompileCallback)  
WARN  Decompiling 14004e1e0: Unable to read bytes at ram:1b47aba66 (DecompileCallback)  
WARN  Decompiling 1400327e0: Unable to read bytes at ram:1b588a642 (DecompileCallback)  
WARN  Decompiling 140037d60: Unable to read bytes at ram:1a417a8b9 (DecompileCallback)  
WARN  Decompiling 14002dfe0, pcode error at 140173daf: Unable to resolve constructor at 140173daf (DecompileCallback)  
WARN  Decompiling 14002dfe0, pcode error at 140173e24: Unable to resolve constructor at 140173e24 (DecompileCallback)  
WARN  Decompiling 14002dfe0, pcode error at 140173e35: Unable to resolve constructor at 140173e35 (DecompileCallback)  
WARN  Decompiling 14002dfe0, pcode error at 140173ed2: Unable to resolve constructor at 140173ed2 (DecompileCallback)  
WARN  Decompiling 14002dfe0, pcode error at 14017403c: Unable to resolve constructor at 14017403c (DecompileCallback)  
WARN  Decompiling 14002dfe0, pcode error at 140173e1b: Unable to resolve constructor at 140173e1b (DecompileCallback)  
WARN  Decompiling 14002dfe0, pcode error at 140173eff: Unable to resolve constructor at 140173eff (DecompileCallback)  
WARN  Decompiling 14002dfe0, pcode error at 140173e41: Unable to resolve constructor at 140173e41 (DecompileCallback)  
WARN  Decompiling 14002dfe0, pcode error at 140173e83: Unable to resolve constructor at 140173e83 (DecompileCallback)  
WARN  Decompiling 14002dfe0, pcode error at 140173e08: Unable to resolve constructor at 140173e08 (DecompileCallback)  
WARN  Decompiling 140041120: Unable to read bytes at ram:640278f5c (DecompileCallback)  
WARN  Decompiling 1400327e0: Unable to read bytes at ram:64023e10c (DecompileCallback)  
WARN  Decompiling 140120470: Unable to read bytes at ram:1ae85e263 (DecompileCallback)  
WARN  Decompiling 140120470: Unable to read bytes at ram:1ae85e2bb (DecompileCallback)  
WARN  Decompiling 1401207b0: Unable to read bytes at ram:1ae85e2bb (DecompileCallback)  
WARN  Decompiling 1400722f0: Unable to read bytes at ram:1a18dce21 (DecompileCallback)  
WARN  Decompiling 1400eed50: Unable to read bytes at ram:1a98afbaa (DecompileCallback)  
WARN  Decompiling 1400e9ec0: Unable to read bytes at ram:1ae7ee6c7 (DecompileCallback)  
WARN  Decompiling 1400e9ec0, pcode error at 14017876f: Unable to resolve constructor at 14017876f (DecompileCallback)  
WARN  Decompiling 1400eed50, pcode error at 1400f6ab8: Unable to resolve constructor at 1400f6ab8 (DecompileCallback)  
WARN  Decompiling 1400731c0: Unable to read bytes at ram:1a98fc1b5 (DecompileCallback)  
WARN  Decompiling 1400731c0: Unable to read bytes at ram:1a98fc1d1 (DecompileCallback)  
WARN  Decompiling 1400731c0, pcode error at 1400741da: Unable to resolve constructor at 1400741da (DecompileCallback)  
WARN  Decompiling 1400731c0, pcode error at 1400741eb: Unable to resolve constructor at 1400741eb (DecompileCallback)  
WARN  Decompiling 1400731c0, pcode error at 14007407e: Unable to resolve constructor at 14007407e (DecompileCallback)  
WARN  Decompiling 1400731c0, pcode error at 140073f7c: Unable to resolve constructor at 140073f7c (DecompileCallback)  
WARN  Decompiling 1400731c0, pcode error at 140073f17: Unable to resolve constructor at 140073f17 (DecompileCallback)  
WARN  Decompiling 1400731c0, pcode error at 140073ed7: Unable to resolve constructor at 140073ed7 (DecompileCallback)  
WARN  Decompiling 1400731c0, pcode error at 14007347a: Unable to resolve constructor at 14007347a (DecompileCallback)  
WARN  Decompiling 1400731c0, pcode error at 140073479: Unable to resolve constructor at 140073479 (DecompileCallback)  
WARN  Decompiling 140073d00: Unable to read bytes at ram:1a98fc209 (DecompileCallback)  
WARN  Decompiling 140073d00: Unable to read bytes at ram:1a98fc241 (DecompileCallback)  
WARN  Decompiling 140073d00: Unable to read bytes at ram:1a98fc225 (DecompileCallback)  
WARN  Decompiling 1400731c0, pcode error at 140073516: Unable to resolve constructor at 140073516 (DecompileCallback)  
WARN  Decompiling 1400731c0, pcode error at 140073894: Unable to resolve constructor at 140073894 (DecompileCallback)  
WARN  Decompiling 140073d00, pcode error at 14007418c: Unable to resolve constructor at 14007418c (DecompileCallback)  
WARN  Decompiling 140073d00, pcode error at 140074002: Unable to resolve constructor at 140074002 (DecompileCallback)  
WARN  Decompiling 140073d00, pcode error at 140073fd2: Unable to resolve constructor at 140073fd2 (DecompileCallback)  
WARN  Decompiling 1400731c0, pcode error at 140176079: Unable to resolve constructor at 140176079 (DecompileCallback)  
WARN  Decompiling 1400731c0, pcode error at 1400741c9: Unable to resolve constructor at 1400741c9 (DecompileCallback)  
WARN  Decompiling 1400731c0, pcode error at 140074162: Unable to resolve constructor at 140074162 (DecompileCallback)  
WARN  Decompiling 1400731c0, pcode error at 140073fd2: Unable to resolve constructor at 140073fd2 (DecompileCallback)  
WARN  Decompiling 1400731c0, pcode error at 140073f98: Unable to resolve constructor at 140073f98 (DecompileCallback)  
WARN  Decompiling 140073d00, pcode error at 1400742da: Unable to resolve constructor at 1400742da (DecompileCallback)  
WARN  Decompiling 1400731c0, pcode error at 140074408: Unable to resolve constructor at 140074408 (DecompileCallback)  
WARN  Decompiling 140073d00, pcode error at 1400741c9: Unable to resolve constructor at 1400741c9 (DecompileCallback)  
WARN  Decompiling 140073d00, pcode error at 140074264: Unable to resolve constructor at 140074264 (DecompileCallback)  
WARN  Decompiling 140073d00, pcode error at 140074218: Unable to resolve constructor at 140074218 (DecompileCallback)  
WARN  Decompiling 140073d00, pcode error at 140074265: Unable to resolve constructor at 140074265 (DecompileCallback)  
WARN  Decompiling 140073d00, pcode error at 140073ff0: Unable to resolve constructor at 140073ff0 (DecompileCallback)  
WARN  Decompiling 140073d00, pcode error at 140073fed: Unable to resolve constructor at 140073fed (DecompileCallback)  
WARN  Decompiling 1400731c0: Unable to read bytes at ram:1a98fc187 (DecompileCallback)  
WARN  Decompiling 1400731c0: Unable to read bytes at ram:1a98fc225 (DecompileCallback)  
WARN  Decompiling 1400731c0: Unable to read bytes at ram:1a98fc241 (DecompileCallback)  
WARN  Decompiling 1400731c0, pcode error at 140074218: Unable to resolve constructor at 140074218 (DecompileCallback)  
WARN  Decompiling 1400731c0, pcode error at 140074265: Unable to resolve constructor at 140074265 (DecompileCallback)  
WARN  Decompiling 1400731c0, pcode error at 140073ff0: Unable to resolve constructor at 140073ff0 (DecompileCallback)  
WARN  Decompiling 1400731c0, pcode error at 140073fed: Unable to resolve constructor at 140073fed (DecompileCallback)  
WARN  Decompiling 1400731c0, pcode error at 140074264: Unable to resolve constructor at 140074264 (DecompileCallback)  
WARN  Decompiling 1400e9ec0: Unable to read bytes at ram:1ae7ee82f (DecompileCallback)  
WARN  Decompiling 1400e9ec0: Unable to read bytes at ram:1ae7ee81b (DecompileCallback)  
WARN  Decompiling 1400e9ec0, pcode error at 140178942: Unable to resolve constructor at 140178942 (DecompileCallback)  
WARN  Decompiling 1400e9ec0, pcode error at 1401789ca: Unable to resolve constructor at 1401789ca (DecompileCallback)  
WARN  Decompiling 1400e9ec0, pcode error at 140178a77: Unable to resolve constructor at 140178a77 (DecompileCallback)  
WARN  Decompiling 1400e9ec0, pcode error at 140178ad8: Unable to resolve constructor at 140178ad8 (DecompileCallback)  
WARN  Decompiling 1400e9ec0, pcode error at 140178b3e: Unable to resolve constructor at 140178b3e (DecompileCallback)  
WARN  Decompiling 1400e9ec0, pcode error at 140178c24: Unable to resolve constructor at 140178c24 (DecompileCallback)  
WARN  Decompiling 1400e9ec0, pcode error at 140178c80: Unable to resolve constructor at 140178c80 (DecompileCallback)  
WARN  Decompiling 1400e9ec0, pcode error at 140178c7c: Unable to resolve constructor at 140178c7c (DecompileCallback)  
WARN  Decompiling 1400e9ec0, pcode error at 140178ce8: Unable to resolve constructor at 140178ce8 (DecompileCallback)  
WARN  Decompiling 1400e9ec0, pcode error at 140178c4d: Unable to resolve constructor at 140178c4d (DecompileCallback)  
WARN  Decompiling 1400e9ec0, pcode error at 140178cbc: Unable to resolve constructor at 140178cbc (DecompileCallback)  
WARN  Decompiling 1400e9ec0, pcode error at 140178d30: Unable to resolve constructor at 140178d30 (DecompileCallback)  
WARN  Decompiling 1400e9ec0, pcode error at 140178d5c: Unable to resolve constructor at 140178d5c (DecompileCallback)  
WARN  Decompiling 1400e9ec0, pcode error at 140178ca7: Unable to resolve constructor at 140178ca7 (DecompileCallback)  
WARN  Decompiling 1400e9ec0, pcode error at 140178c6a: Unable to resolve constructor at 140178c6a (DecompileCallback)  
WARN  Decompiling 1400e9ec0, pcode error at 140178cd6: Unable to resolve constructor at 140178cd6 (DecompileCallback)  
WARN  Decompiling 1400e9ec0, pcode error at 140178c99: Unable to resolve constructor at 140178c99 (DecompileCallback)  
WARN  Decompiling 1400e9ec0, pcode error at 140178c34: Unable to resolve constructor at 140178c34 (DecompileCallback)  
WARN  Decompiling 1400e9ec0, pcode error at 140178be0: Unable to resolve constructor at 140178be0 (DecompileCallback)  
WARN  Decompiling 1400e9ec0, pcode error at 140178ba4: Unable to resolve constructor at 140178ba4 (DecompileCallback)  
WARN  Decompiling 1400e9ec0, pcode error at 140178b7d: Unable to resolve constructor at 140178b7d (DecompileCallback)  
WARN  Decompiling 1400e9ec0, pcode error at 1401789a3: Unable to resolve constructor at 1401789a3 (DecompileCallback)  
WARN  Decompiling 1400eed50: Unable to read bytes at ram:1a98afd12 (DecompileCallback)  
WARN  Decompiling 1400e9ec0, pcode error at 140178a85: Unable to resolve constructor at 140178a85 (DecompileCallback)  
WARN  Decompiling 1400e9ec0, pcode error at 140178a88: Unable to resolve constructor at 140178a88 (DecompileCallback)  
WARN  Decompiling 1400e9ec0, pcode error at 140178a75: Unable to resolve constructor at 140178a75 (DecompileCallback)  
WARN  Decompiling 1400eed50: Unable to read bytes at ram:1a98afcfe (DecompileCallback)  
WARN  Decompiling 1400e9ec0, pcode error at 140178897: Unable to resolve constructor at 140178897 (DecompileCallback)  
WARN  Decompiling 1400e9ec0, pcode error at 140178877: Unable to resolve constructor at 140178877 (DecompileCallback)  
WARN  Decompiling 1400eed50, pcode error at 140179bb8: Failed to resolve varnode <Sreg>, index=7 (DecompileCallback)  
WARN  Decompiling 1400e9ec0, pcode error at 1401788c4: Unable to resolve constructor at 1401788c4 (DecompileCallback)  
WARN  Decompiling 1400e9ec0, pcode error at 1400f3164: Unable to resolve constructor at 1400f3164 (DecompileCallback)  
WARN  Decompiling 1400eed50, pcode error at 140179b9f: Unable to resolve constructor at 140179b9f (DecompileCallback)  
WARN  Decompiling 140076f30: Unable to read bytes at ram:1a978d538 (DecompileCallback)  
WARN  Decompiling 140076f30: Unable to read bytes at ram:1a978d554 (DecompileCallback)  
WARN  Decompiling 140076f30, pcode error at 140077938: Unable to resolve constructor at 140077938 (DecompileCallback)  
WARN  Decompiling 140076f30, pcode error at 1400778c0: Unable to resolve constructor at 1400778c0 (DecompileCallback)  
WARN  Decompiling 140076f30, pcode error at 140077e84: Unable to resolve constructor at 140077e84 (DecompileCallback)  
WARN  Decompiling 140076f30, pcode error at 140077929: Unable to resolve constructor at 140077929 (DecompileCallback)  
WARN  Decompiling 140076f30, pcode error at 1400778f4: Unable to resolve constructor at 1400778f4 (DecompileCallback)  
WARN  Decompiling 140076f30, pcode error at 140077959: Unable to resolve constructor at 140077959 (DecompileCallback)  
WARN  Decompiling 1400751f0: Unable to read bytes at ram:1a587da71 (DecompileCallback)  
WARN  Decompiling 1400751f0: Unable to read bytes at ram:1a587da8d (DecompileCallback)  
WARN  Decompiling 1400751f0, pcode error at 1400760b2: Unable to resolve constructor at 1400760b2 (DecompileCallback)  
WARN  Decompiling 1400751f0, pcode error at 1400760e2: Unable to resolve constructor at 1400760e2 (DecompileCallback)  
WARN  Decompiling 1400751f0, pcode error at 140075fd0: Unable to resolve constructor at 140075fd0 (DecompileCallback)  
WARN  Decompiling 1400751f0, pcode error at 1400761a5: Unable to resolve constructor at 1400761a5 (DecompileCallback)  
WARN  Decompiling 1400751f0, pcode error at 14007609c: Unable to resolve constructor at 14007609c (DecompileCallback)  
WARN  Decompiling 1400751f0, pcode error at 140075fec: Unable to resolve constructor at 140075fec (DecompileCallback)  
WARN  Decompiling 1400751f0: Unable to read bytes at ram:1a587da71 (DecompileCallback)  
WARN  Decompiling 1400f5590: Unable to read bytes at ram:1a98afd12 (DecompileCallback)  
WARN  Decompiling 1400f5590, pcode error at 140179bb8: Failed to resolve varnode <Sreg>, index=7 (DecompileCallback)  
WARN  Decompiling 1400c3c00: Unable to read bytes at ram:1a98ae3a2 (DecompileCallback)  
WARN  Decompiling 1400c22c0: Unable to read bytes at ram:1a98b0e5e (DecompileCallback)  
WARN  Decompiling 1400c22c0, pcode error at 1400c117b: Unable to resolve constructor at 1400c117b (DecompileCallback)  
WARN  Decompiling 1400c0e00: Unable to read bytes at ram:1a98b0e72 (DecompileCallback)  
WARN  Decompiling 1400f2d30: Unable to read bytes at ram:1ae7ee82f (DecompileCallback)  
WARN  Decompiling 1400f2d30, pcode error at 140178942: Unable to resolve constructor at 140178942 (DecompileCallback)  
WARN  Decompiling 1400f2d30, pcode error at 1401789ca: Unable to resolve constructor at 1401789ca (DecompileCallback)  
WARN  Decompiling 1400f2d30, pcode error at 140178a77: Unable to resolve constructor at 140178a77 (DecompileCallback)  
WARN  Decompiling 1400f2d30, pcode error at 140178ad8: Unable to resolve constructor at 140178ad8 (DecompileCallback)  
WARN  Decompiling 1400f3ef0: Unable to read bytes at ram:1ae7ee81b (DecompileCallback)  
WARN  Decompiling 1400f2d30, pcode error at 140178b3e: Unable to resolve constructor at 140178b3e (DecompileCallback)  
WARN  Decompiling 1400f3ef0, pcode error at 1401788c4: Unable to resolve constructor at 1401788c4 (DecompileCallback)  
WARN  Decompiling 1400f3ef0, pcode error at 1400f3164: Unable to resolve constructor at 1400f3164 (DecompileCallback)  
WARN  Decompiling 1400f2d30, pcode error at 140178c24: Unable to resolve constructor at 140178c24 (DecompileCallback)  
WARN  Decompiling 1400f2d30, pcode error at 140178c80: Unable to resolve constructor at 140178c80 (DecompileCallback)  
WARN  Decompiling 1400f2d30, pcode error at 140178c7c: Unable to resolve constructor at 140178c7c (DecompileCallback)  
WARN  Decompiling 1400f2d30, pcode error at 140178ce8: Unable to resolve constructor at 140178ce8 (DecompileCallback)  
WARN  Decompiling 1400f2d30, pcode error at 140178c4d: Unable to resolve constructor at 140178c4d (DecompileCallback)  
WARN  Decompiling 1400f2d30, pcode error at 140178cbc: Unable to resolve constructor at 140178cbc (DecompileCallback)  
WARN  Decompiling 1400f2d30, pcode error at 140178d30: Unable to resolve constructor at 140178d30 (DecompileCallback)  
WARN  Decompiling 1400f2d30, pcode error at 140178d5c: Unable to resolve constructor at 140178d5c (DecompileCallback)  
WARN  Decompiling 1400f2d30, pcode error at 140178ca7: Unable to resolve constructor at 140178ca7 (DecompileCallback)  
WARN  Decompiling 1400f2d30, pcode error at 140178c6a: Unable to resolve constructor at 140178c6a (DecompileCallback)  
WARN  Decompiling 1400f2d30, pcode error at 140178cd6: Unable to resolve constructor at 140178cd6 (DecompileCallback)  
WARN  Decompiling 1400f2d30, pcode error at 140178c99: Unable to resolve constructor at 140178c99 (DecompileCallback)  
WARN  Decompiling 1400f2d30, pcode error at 140178c34: Unable to resolve constructor at 140178c34 (DecompileCallback)  
WARN  Decompiling 1400f2d30, pcode error at 140178be0: Unable to resolve constructor at 140178be0 (DecompileCallback)  
WARN  Decompiling 1400f2d30, pcode error at 140178ba4: Unable to resolve constructor at 140178ba4 (DecompileCallback)  
WARN  Decompiling 1400f2d30, pcode error at 140178b7d: Unable to resolve constructor at 140178b7d (DecompileCallback)  
WARN  Decompiling 1400f2d30, pcode error at 1401789a3: Unable to resolve constructor at 1401789a3 (DecompileCallback)  
WARN  Decompiling 1400f2d30, pcode error at 140178a85: Unable to resolve constructor at 140178a85 (DecompileCallback)  
WARN  Decompiling 1400f2d30, pcode error at 140178a88: Unable to resolve constructor at 140178a88 (DecompileCallback)  
WARN  Decompiling 1400f2d30, pcode error at 140178a75: Unable to resolve constructor at 140178a75 (DecompileCallback)  
WARN  Decompiling 1400f2d30, pcode error at 140178897: Unable to resolve constructor at 140178897 (DecompileCallback)  
WARN  Decompiling 1400f2d30, pcode error at 140178877: Unable to resolve constructor at 140178877 (DecompileCallback)  
WARN  Decompiling 1400c4fb0: Unable to read bytes at ram:1a98ae38e (DecompileCallback)  
WARN  Decompiling 1400c22c0: Unable to read bytes at ram:1a98b0e72 (DecompileCallback)  
WARN  Decompiling 1400c4fb0, pcode error at 1400c41bf: Unable to resolve constructor at 1400c41bf (DecompileCallback)  
WARN  Decompiling 1400f6760: Unable to read bytes at ram:1a98afcfe (DecompileCallback)  
WARN  Decompiling 1400f6760, pcode error at 140179b9f: Unable to resolve constructor at 140179b9f (DecompileCallback)  
WARN  Decompiling 1400f3ef0: Unable to read bytes at ram:1ae7ee82f (DecompileCallback)  
WARN  Decompiling 1400f3ef0, pcode error at 140178942: Unable to resolve constructor at 140178942 (DecompileCallback)  
WARN  Decompiling 1400f3ef0, pcode error at 1401789ca: Unable to resolve constructor at 1401789ca (DecompileCallback)  
WARN  Decompiling 1400f3ef0, pcode error at 140178a77: Unable to resolve constructor at 140178a77 (DecompileCallback)  
WARN  Decompiling 1400f3ef0, pcode error at 140178ad8: Unable to resolve constructor at 140178ad8 (DecompileCallback)  
WARN  Decompiling 1400f3ef0, pcode error at 140178b3e: Unable to resolve constructor at 140178b3e (DecompileCallback)  
WARN  Decompiling 1400f3ef0, pcode error at 140178c24: Unable to resolve constructor at 140178c24 (DecompileCallback)  
WARN  Decompiling 1400f3ef0, pcode error at 140178c80: Unable to resolve constructor at 140178c80 (DecompileCallback)  
WARN  Decompiling 1400f3ef0, pcode error at 140178c7c: Unable to resolve constructor at 140178c7c (DecompileCallback)  
WARN  Decompiling 1400f3ef0, pcode error at 140178ce8: Unable to resolve constructor at 140178ce8 (DecompileCallback)  
WARN  Decompiling 1400f3ef0, pcode error at 140178c4d: Unable to resolve constructor at 140178c4d (DecompileCallback)  
WARN  Decompiling 1400f3ef0, pcode error at 140178cbc: Unable to resolve constructor at 140178cbc (DecompileCallback)  
WARN  Decompiling 1400f3ef0, pcode error at 140178d30: Unable to resolve constructor at 140178d30 (DecompileCallback)  
WARN  Decompiling 1400f3ef0, pcode error at 140178d5c: Unable to resolve constructor at 140178d5c (DecompileCallback)  
WARN  Decompiling 1400f3ef0, pcode error at 140178ca7: Unable to resolve constructor at 140178ca7 (DecompileCallback)  
WARN  Decompiling 1400f3ef0, pcode error at 140178c6a: Unable to resolve constructor at 140178c6a (DecompileCallback)  
WARN  Decompiling 1400f3ef0, pcode error at 140178cd6: Unable to resolve constructor at 140178cd6 (DecompileCallback)  
WARN  Decompiling 1400f3ef0, pcode error at 140178c99: Unable to resolve constructor at 140178c99 (DecompileCallback)  
WARN  Decompiling 1400f3ef0, pcode error at 140178c34: Unable to resolve constructor at 140178c34 (DecompileCallback)  
WARN  Decompiling 1400f3ef0, pcode error at 140178be0: Unable to resolve constructor at 140178be0 (DecompileCallback)  
WARN  Decompiling 1400f3ef0, pcode error at 140178ba4: Unable to resolve constructor at 140178ba4 (DecompileCallback)  
WARN  Decompiling 1400f3ef0, pcode error at 140178b7d: Unable to resolve constructor at 140178b7d (DecompileCallback)  
WARN  Decompiling 1400f3ef0, pcode error at 1401789a3: Unable to resolve constructor at 1401789a3 (DecompileCallback)  
WARN  Decompiling 1400f3ef0, pcode error at 140178a85: Unable to resolve constructor at 140178a85 (DecompileCallback)  
WARN  Decompiling 1400f3ef0, pcode error at 140178a88: Unable to resolve constructor at 140178a88 (DecompileCallback)  
WARN  Decompiling 1400f3ef0, pcode error at 140178a75: Unable to resolve constructor at 140178a75 (DecompileCallback)  
WARN  Decompiling 1400f3ef0, pcode error at 140178897: Unable to resolve constructor at 140178897 (DecompileCallback)  
WARN  Decompiling 1400f3ef0, pcode error at 140178877: Unable to resolve constructor at 140178877 (DecompileCallback)  
WARN  Decompiling 1400f6760: Unable to read bytes at ram:1a98afd12 (DecompileCallback)  
WARN  Decompiling 1400f6760, pcode error at 140179bb8: Failed to resolve varnode <Sreg>, index=7 (DecompileCallback)  
WARN  Decompiling 1400c4fb0: Unable to read bytes at ram:1a98ae3a2 (DecompileCallback)  
WARN  Decompiling 140078800: Unable to read bytes at ram:17a7bd7b3 (DecompileCallback)  
WARN  Decompiling 140078800, pcode error at 140176346: Unable to resolve constructor at 140176346 (DecompileCallback)  
WARN  Decompiling 140078800, pcode error at 14017634b: Unable to resolve constructor at 14017634b (DecompileCallback)  
WARN  Decompiling 140078800, pcode error at 140176348: Unable to resolve constructor at 140176348 (DecompileCallback)  
WARN  Decompiling 140078800, pcode error at 14017634a: Unable to resolve constructor at 14017634a (DecompileCallback)  
WARN  Decompiling 140078800, pcode error at 140176352: Unable to resolve constructor at 140176352 (DecompileCallback)  
WARN  Decompiling 140078800, pcode error at 140176355: Unable to resolve constructor at 140176355 (DecompileCallback)  
WARN  Decompiling 140078800, pcode error at 140176343: Unable to resolve constructor at 140176343 (DecompileCallback)  
WARN  Decompiling 140032d30: Unable to read bytes at ram:1b588a65e (DecompileCallback)  
WARN  Decompiling 14004ee60: Unable to read bytes at ram:1ae85c4b7 (DecompileCallback)  
WARN  Decompiling 14004ee60: Unable to read bytes at ram:1ae85c4ef (DecompileCallback)  
WARN  Decompiling 140041660: Unable to read bytes at ram:1a98aabbe (DecompileCallback)  
WARN  Decompiling 140041cb0: Unable to read bytes at ram:1a478b002 (DecompileCallback)  
WARN  Decompiling 140041cb0: Unable to read bytes at ram:1a478b01e (DecompileCallback)  
WARN  Decompiling 140041cb0, pcode error at 140174aa5: Unable to resolve constructor at 140174aa5 (DecompileCallback)  
WARN  Decompiling 140041cb0, pcode error at 140042392: Unable to resolve constructor at 140042392 (DecompileCallback)  
WARN  Decompiling 140041cb0, pcode error at 140042696: Unable to resolve constructor at 140042696 (DecompileCallback)  
WARN  Decompiling 140041cb0, pcode error at 1400426aa: Unable to resolve constructor at 1400426aa (DecompileCallback)  
WARN  Decompiling 140041cb0: Unable to read bytes at ram:1a478b03a (DecompileCallback)  
WARN  Decompiling 140041cb0, pcode error at 140174ad3: Unable to resolve constructor at 140174ad3 (DecompileCallback)  
WARN  Decompiling 140032f50: Unable to read bytes at ram:1a98aa296 (DecompileCallback)  
WARN  Decompiling 140032f50, pcode error at 140033424: Unable to resolve constructor at 140033424 (DecompileCallback)  
WARN  Decompiling 140043e00: Unable to read bytes at ram:171477c30 (DecompileCallback)  
WARN  Decompiling 140043e00: Unable to read bytes at ram:171477c4c (DecompileCallback)  
WARN  Decompiling 140043e00, pcode error at 140174c0b: Unable to resolve constructor at 140174c0b (DecompileCallback)  
WARN  Decompiling 14003b870: Unable to read bytes at ram:171477578 (DecompileCallback)  
WARN  Decompiling 14003b870: Unable to read bytes at ram:171477594 (DecompileCallback)  
WARN  Decompiling 14003d170: Unable to read bytes at ram:1714775cc (DecompileCallback)  
WARN  Decompiling 140043e00, pcode error at 140174c1c: Unable to resolve constructor at 140174c1c (DecompileCallback)  
WARN  Decompiling 140043e00, pcode error at 1400447ac: Unable to resolve constructor at 1400447ac (DecompileCallback)  
WARN  Decompiling 140043e00, pcode error at 1400449f2: Unable to resolve constructor at 1400449f2 (DecompileCallback)  
WARN  Decompiling 14003d170: Unable to read bytes at ram:1714775e8 (DecompileCallback)  
WARN  Decompiling 14003b870, pcode error at 14003dcd0: Unable to resolve constructor at 14003dcd0 (DecompileCallback)  
WARN  Decompiling 14003d170, pcode error at 14003dcd0: Unable to resolve constructor at 14003dcd0 (DecompileCallback)  
WARN  Decompiling 14003d170, pcode error at 168c9621f: Could not follow disassembly flow into non-existing memory at 168c9621f (DecompileCallback)  
WARN  Decompiling 14003b870, pcode error at 14003dadb: Unable to resolve constructor at 14003dadb (DecompileCallback)  
WARN  Decompiling 14003d170, pcode error at 14003dfe4: Unable to resolve constructor at 14003dfe4 (DecompileCallback)  
WARN  Decompiling 14003b870, pcode error at 14003e023: Unable to resolve constructor at 14003e023 (DecompileCallback)  
WARN  Decompiling 14003d170, pcode error at 128ee0849: Could not follow disassembly flow into non-existing memory at 128ee0849 (DecompileCallback)  
WARN  Decompiling 14003d170, pcode error at 14003dff8: Unable to resolve constructor at 14003dff8 (DecompileCallback)  
WARN  Decompiling 14003b870, pcode error at 14003bfef: Unable to resolve constructor at 14003bfef (DecompileCallback)  
WARN  Decompiling 14003b870, pcode error at 14003dca0: Unable to resolve constructor at 14003dca0 (DecompileCallback)  
WARN  Decompiling 14003b870, pcode error at 14003dce9: Unable to resolve constructor at 14003dce9 (DecompileCallback)  
WARN  Decompiling 14003b870, pcode error at 14003daf1: Unable to resolve constructor at 14003daf1 (DecompileCallback)  
WARN  Decompiling 14003b870, pcode error at 14003c472: Unable to resolve constructor at 14003c472 (DecompileCallback)  
WARN  Decompiling 140043e00: Unable to read bytes at ram:171477c68 (DecompileCallback)  
WARN  Decompiling 140043e00, pcode error at 140174c3b: Unable to resolve constructor at 140174c3b (DecompileCallback)  
WARN  Decompiling 14003d170: Unable to read bytes at ram:171477604 (DecompileCallback)  
WARN  Decompiling 14003b870: Unable to read bytes at ram:1714775e8 (DecompileCallback)  
WARN  Decompiling 14003b870: Unable to read bytes at ram:171477604 (DecompileCallback)  
WARN  Decompiling 14003b870, pcode error at 128ee0849: Could not follow disassembly flow into non-existing memory at 128ee0849 (DecompileCallback)  
WARN  Decompiling 14003b870, pcode error at 14003dff8: Unable to resolve constructor at 14003dff8 (DecompileCallback)  
WARN  Decompiling 1400301b0: Unable to read bytes at ram:171476fac (DecompileCallback)  
